Customer_id,Recency,NumDealsPurchases,NumWebPurchases,NumCatalogPurchases,NumStorePurchases,NumWebVisitsMonth,Complain,Response
5524,58,3,8,10,4,7,0,1
2174,38,2,1,1,2,5,0,0
4141,26,1,8,2,10,4,0,0
6182,26,2,2,0,4,6,0,0
5324,94,5,5,3,6,5,0,0
7446,16,2,6,4,10,6,0,0
965,34,4,7,3,7,6,0,0
6177,32,2,4,0,4,8,0,0
4855,19,1,3,0,2,9,0,1
5899,68,1,1,0,0,20,0,0
1994,11,1,1,0,2,7,0,0
387,59,1,2,0,3,8,0,0
2125,82,1,3,4,8,2,0,0
8180,53,3,6,1,5,6,0,0
2569,38,1,1,0,3,8,0,0
2114,23,1,7,6,12,3,0,1
9736,51,3,3,0,3,8,0,0
4939,20,2,4,1,6,7,0,0
6565,91,2,11,4,9,5,0,0
2278,86,2,2,1,3,6,0,0
9360,41,1,4,2,5,8,0,0
5376,42,15,0,28,0,1,0,0
1993,63,3,2,3,9,8,0,0
4047,0,3,6,2,9,4,0,0
1409,69,7,7,1,5,8,0,0
7892,89,2,2,1,3,7,0,0
2404,4,4,5,1,4,7,0,0
5255,19,0,27,0,0,1,0,0
9422,26,2,2,1,4,3,0,0
1966,96,1,6,9,10,2,0,0
6864,34,2,3,0,3,5,0,0
3033,56,1,2,5,3,3,0,0
5710,31,2,2,1,4,5,0,0
7373,8,6,4,1,6,6,0,1
8755,4,1,3,5,9,7,0,0
10738,55,1,2,0,3,7,0,0
4339,37,5,5,6,12,2,0,0
10755,76,3,3,1,2,7,0,0
8595,99,2,1,1,3,5,0,0
2968,53,2,7,10,5,6,0,1
8601,3,2,8,6,5,4,0,0
503,88,2,2,0,3,8,0,0
8430,4,1,0,0,3,5,0,0
7281,80,1,1,3,4,2,0,0
2139,19,3,2,0,3,5,0,0
1371,72,1,2,4,9,1,0,0
9909,24,3,3,1,3,9,0,1
7286,92,1,2,0,2,10,0,0
7244,96,3,2,1,4,6,0,0
6566,39,9,5,2,12,8,0,0
8614,29,1,4,2,10,2,0,0
4114,2,1,6,9,13,3,0,0
1331,54,2,2,0,3,7,0,0
2225,54,1,4,9,7,1,0,1
9381,57,7,4,2,10,3,0,0
6260,55,1,3,10,13,1,0,1
10383,30,1,5,5,10,3,0,1
7437,31,1,1,0,4,3,0,0
8557,57,2,2,0,3,6,0,0
8375,63,3,8,2,6,7,0,0
6853,12,1,3,6,11,1,0,1
3076,18,4,4,2,12,3,0,0
1012,26,4,8,2,10,7,0,0
6518,8,1,7,3,8,5,0,0
4137,29,1,7,4,4,4,0,0
8082,75,1,1,1,2,7,0,1
1386,0,1,1,0,2,7,0,0
9369,19,1,11,10,10,5,0,1
4477,4,1,5,2,10,4,0,0
1357,90,7,2,5,5,5,0,0
1402,1,3,4,8,6,3,0,0
10629,25,3,3,0,3,8,0,0
6312,29,4,10,3,13,7,0,0
8132,88,5,9,2,8,7,0,0
1050,58,1,2,1,4,2,0,0
5846,68,1,1,0,2,6,0,0
1859,34,1,7,6,5,5,0,1
7503,40,0,5,8,9,4,0,1
10401,12,1,0,0,3,3,1,0
1618,9,2,10,1,8,8,0,1
3332,87,4,3,1,4,8,0,0
2261,5,1,1,0,2,7,0,0
5346,87,3,3,0,3,7,0,0
4119,56,1,2,5,3,3,0,0
535,18,1,3,10,13,1,0,0
5268,95,2,1,0,4,7,0,0
273,48,5,3,1,4,7,0,0
4452,3,4,6,1,6,7,0,1
8504,70,1,5,6,7,2,0,0
771,79,1,2,2,5,2,0,0
8996,4,12,7,2,8,9,0,0
9235,45,1,1,0,2,7,0,0
5798,87,1,2,4,8,1,0,0
11178,69,1,1,0,3,7,0,0
2230,84,3,3,1,3,5,0,0
7516,30,1,2,0,3,6,0,0
7247,72,5,7,4,6,6,0,0
11100,37,2,2,0,3,7,0,0
4646,44,1,5,7,12,2,0,0
3037,32,2,5,2,7,5,0,0
1473,0,2,2,0,3,8,0,0
1016,43,2,2,0,3,6,0,0
4518,59,2,9,5,11,5,0,0
9370,68,1,6,3,6,4,0,0
8908,35,1,3,11,5,1,0,1
8373,94,1,1,0,3,5,0,0
7533,15,4,4,1,4,7,0,0
2683,56,4,6,4,12,6,0,0
3629,17,2,3,1,3,7,0,0
10991,18,1,5,4,4,2,0,0
5077,46,1,6,6,11,3,0,0
7431,40,1,7,4,5,9,0,1
3267,27,3,8,1,8,6,0,0
999,95,1,6,7,11,3,0,1
9215,19,5,6,4,6,7,0,0
2286,27,2,2,1,3,6,0,0
1592,25,0,4,6,5,1,0,0
367,74,5,9,1,5,9,0,0
5234,85,2,1,1,3,5,0,0
9862,37,2,2,0,3,6,0,0
9805,65,4,6,2,10,4,0,0
6205,13,3,2,1,3,5,0,1
8442,63,2,1,0,3,7,0,0
7386,83,1,1,0,3,7,0,0
7215,69,0,6,8,13,2,0,1
1491,87,2,3,4,7,1,0,0
11071,37,1,3,6,6,1,0,1
3381,51,2,2,0,4,6,0,0
8268,23,3,6,1,7,6,0,0
11051,72,4,6,3,10,4,0,0
8026,10,5,5,4,5,5,0,0
433,42,5,11,1,6,8,0,0
9597,10,1,7,2,9,4,0,0
1295,96,1,6,5,7,4,0,0
5290,51,5,5,1,5,8,0,0
1685,21,1,4,5,13,3,0,0
5342,31,2,1,0,3,8,0,0
9579,61,3,2,2,2,8,0,0
7660,37,2,1,1,2,5,0,1
1461,74,2,2,0,3,7,0,0
821,46,1,5,4,12,2,0,0
11084,4,2,3,5,7,7,0,1
8690,73,1,5,7,10,2,0,0
2937,47,3,8,5,9,6,0,0
9701,13,3,4,2,3,7,0,0
9949,36,3,3,3,6,8,0,0
10837,47,1,2,0,3,6,0,1
3120,49,1,1,0,2,8,1,0
5885,94,7,4,1,4,8,0,0
4050,65,1,2,1,4,3,0,0
3830,59,1,4,4,7,3,0,0
7987,96,4,8,1,6,6,0,0
7798,28,4,7,1,5,7,0,0
92,12,4,3,0,4,6,0,0
7055,57,2,8,5,11,5,0,0
10240,10,1,10,4,6,4,0,1
3025,4,3,6,1,5,7,0,0
9283,49,1,0,0,3,4,0,0
9970,3,1,1,1,6,2,0,0
2730,64,1,3,4,10,1,0,0
2795,0,1,1,0,2,7,0,0
9260,20,2,10,6,9,6,0,0
8182,91,4,3,0,4,8,0,0
10095,9,1,5,4,10,2,0,0
8475,98,15,0,22,0,0,0,0
4370,83,3,2,0,4,6,0,0
10573,27,1,6,7,4,3,0,0
3712,63,1,3,2,6,4,0,0
6637,46,1,3,4,7,1,0,0
3152,84,3,2,1,3,5,0,0
5610,58,2,1,0,3,7,0,0
6460,78,2,2,0,3,8,0,0
1349,4,1,3,1,3,6,0,0
1880,17,2,2,1,3,5,0,0
641,77,1,2,2,2,4,0,0
8717,56,1,11,8,8,5,0,0
10314,79,1,9,10,5,4,0,1
10854,90,2,2,0,3,7,0,0
10492,96,1,0,0,3,2,0,0
6935,44,1,5,7,12,2,0,0
7698,81,1,4,1,4,5,0,0
3559,77,3,2,1,3,6,0,0
10562,21,1,6,4,13,2,0,0
10796,16,1,1,1,3,6,0,0
2563,80,1,2,0,3,6,0,0
3518,45,1,1,1,2,9,0,0
5823,63,2,1,0,4,5,0,0
3934,34,2,7,1,8,5,0,0
6982,14,1,4,10,9,2,0,0
6431,13,2,2,0,3,7,0,0
9733,52,1,1,1,2,6,0,0
5602,98,1,8,7,12,3,0,0
7829,99,1,2,1,2,5,1,0
1324,93,2,3,0,3,8,0,0
326,38,4,5,1,6,6,0,0
7224,24,2,1,1,2,8,0,0
6999,80,1,7,3,12,3,0,0
9938,82,1,4,6,6,2,0,0
6422,20,1,5,6,5,2,0,0
3182,81,6,5,1,3,8,0,1
7300,50,3,8,1,7,5,0,0
10424,60,1,4,4,9,1,0,0
8727,63,3,11,6,9,6,0,0
2798,54,0,7,9,10,4,0,1
1030,72,2,1,0,3,7,0,0
624,5,1,0,1,2,6,0,1
5176,88,1,1,0,3,9,0,0
5552,50,6,4,2,5,6,0,0
868,99,1,2,0,3,6,0,0
380,17,5,11,4,9,8,0,1
2677,11,5,3,1,6,4,0,0
6521,18,1,4,6,9,1,0,0
6927,70,8,5,1,5,8,0,0
2877,21,10,7,1,8,7,0,0
0,66,1,3,4,9,1,0,0
1584,79,6,8,1,5,8,0,0
7264,2,1,1,0,2,8,0,0
6274,81,1,8,10,6,3,0,0
1377,24,2,4,1,5,7,0,0
454,48,2,11,4,11,6,0,0
1755,93,1,1,1,4,3,0,0
2075,56,1,3,5,7,1,0,0
4785,3,2,6,3,11,3,0,0
9076,44,4,4,1,4,8,0,0
7079,38,5,9,6,12,6,0,0
4653,46,4,3,1,4,8,0,0
7375,84,2,8,2,4,8,0,0
709,27,3,2,2,11,8,0,0
460,72,1,3,5,8,2,0,0
3726,66,1,1,0,2,8,0,0
6798,30,9,5,1,8,7,0,1
5341,2,1,6,3,4,7,0,0
1606,65,1,1,0,2,8,0,0
9617,37,1,1,0,3,3,0,0
3233,89,3,7,8,11,5,0,0
89,49,2,2,0,4,6,0,0
2936,46,1,1,0,3,7,0,0
9449,32,1,5,2,11,3,0,0
7297,54,4,3,1,3,7,0,0
11004,23,1,1,0,2,4,0,0
313,98,1,6,5,10,3,0,0
9940,97,2,6,4,4,3,0,0
10735,75,1,2,0,2,9,0,0
9529,8,1,3,9,9,2,0,1
6439,37,7,11,5,8,7,0,0
7411,31,2,1,0,3,6,0,0
2176,40,2,5,3,6,6,0,1
9265,74,2,9,4,6,5,0,0
8867,90,1,4,10,5,3,0,0
8932,57,4,9,6,6,6,0,0
10236,59,2,2,0,3,8,0,0
6340,52,2,1,0,3,6,0,0
10089,5,1,6,9,13,2,0,1
2227,92,2,3,1,5,6,0,0
10992,77,5,4,6,11,8,0,0
5304,35,2,1,0,3,6,0,0
309,48,3,8,3,5,6,0,0
3406,97,4,3,2,7,3,0,0
2661,95,4,2,0,4,5,0,0
3153,24,1,1,0,2,8,0,0
10264,60,2,1,1,2,7,0,1
1184,46,3,10,2,10,5,0,0
4200,85,4,4,1,6,5,0,0
9396,31,1,1,0,2,9,0,0
2387,9,6,5,2,4,8,0,1
6690,30,4,3,1,3,7,0,0
1225,47,1,3,7,8,1,0,0
9703,70,4,3,2,2,7,0,1
291,13,1,3,3,6,1,0,0
4557,11,2,2,2,2,6,0,0
2379,31,2,3,4,5,7,0,1
5726,15,3,3,0,4,5,1,0
3066,2,2,4,2,4,5,0,0
6336,55,4,2,0,4,6,0,0
10967,38,3,2,0,4,7,0,0
2304,86,2,6,3,12,4,0,0
3445,56,2,7,4,10,5,0,1
7828,29,1,3,3,5,1,0,0
3762,30,1,3,5,8,1,0,1
4391,64,1,9,3,9,6,0,0
4669,46,3,3,0,4,7,0,0
10144,84,2,8,2,4,8,0,0
8652,20,2,4,1,6,7,0,0
1672,74,1,5,1,8,2,0,0
8962,18,2,2,0,3,5,0,0
9974,75,1,3,1,2,7,0,0
10983,17,1,6,3,13,3,0,0
8148,88,13,6,2,12,5,0,0
10102,19,1,5,11,5,3,0,0
4697,62,3,7,1,5,8,0,0
9262,11,1,1,0,3,7,0,0
7254,74,3,3,1,3,7,0,0
4543,32,1,2,7,9,4,0,0
4927,76,3,3,0,3,9,0,0
10451,6,1,0,0,3,6,0,0
2926,62,3,3,6,11,8,0,0
2874,20,1,1,0,3,7,0,0
9738,43,1,3,0,3,8,0,0
7119,45,1,2,3,6,1,0,0
3924,34,5,8,3,12,5,0,0
5827,53,4,3,1,3,5,0,0
5596,44,1,9,2,9,6,0,0
10812,89,1,2,1,3,4,0,0
1717,43,3,5,1,4,8,0,0
9491,68,3,3,1,3,7,0,0
9274,44,1,6,7,9,2,0,0
6609,64,1,3,0,3,9,0,1
6963,85,1,2,5,10,1,0,0
4440,93,1,8,3,6,7,0,0
1379,12,1,4,2,4,4,0,0
10032,86,4,3,1,3,6,0,0
2826,28,2,2,0,3,7,0,0
2437,69,1,6,5,12,3,0,0
6320,42,1,6,6,10,3,0,0
3050,13,6,3,1,6,4,0,0
231,86,2,2,0,3,5,0,0
2392,59,2,3,0,3,7,0,0
9478,30,2,4,3,6,3,0,0
113,33,2,1,0,3,5,0,0
2863,67,6,2,3,10,7,0,0
1802,23,3,3,3,12,2,0,0
520,81,1,1,0,2,7,0,0
8275,6,1,1,0,2,7,0,0
9750,41,5,10,3,5,7,0,0
2607,78,6,8,2,8,8,0,0
7214,49,1,4,8,5,3,0,0
5835,39,3,2,0,4,8,0,0
3896,3,1,1,0,3,7,0,0
10350,37,1,1,0,3,4,0,0
7786,22,4,3,1,4,8,0,0
2861,79,1,1,0,2,8,0,0
663,46,1,1,1,3,4,0,0
10675,82,2,9,3,5,5,0,1
2521,10,1,1,1,2,7,0,1
9592,51,2,2,0,3,8,0,0
10151,38,1,4,5,12,3,0,0
7381,10,1,11,4,6,4,0,1
4099,14,1,1,0,3,8,0,0
9560,18,1,7,6,8,3,0,1
1150,36,1,4,6,4,1,0,0
10172,95,1,4,5,11,3,0,0
11191,11,1,2,1,4,6,0,0
9707,65,3,4,2,11,8,0,0
6245,71,2,3,5,8,3,0,0
8234,13,1,1,0,2,8,0,1
1411,58,1,2,9,4,1,0,0
8553,65,2,1,0,3,6,0,0
1826,0,1,4,4,6,1,0,1
8842,33,3,2,0,3,7,0,0
11030,90,1,1,0,2,6,0,0
2579,95,4,6,7,9,4,0,0
175,93,2,8,4,8,4,0,0
9185,38,3,4,6,5,3,0,1
11056,18,1,3,4,10,1,0,0
9365,57,5,11,3,5,6,0,0
6201,45,2,2,0,3,7,1,0
2061,61,1,2,0,4,6,0,0
6184,6,1,3,3,8,1,0,0
6142,65,1,5,3,5,2,1,0
4107,52,2,4,6,4,5,0,0
7274,87,1,4,7,10,2,0,0
9336,38,3,6,2,10,4,0,0
2958,53,3,2,1,4,4,0,0
933,31,1,1,0,2,9,0,0
5837,67,7,6,3,6,7,0,0
10704,65,2,6,2,9,4,0,0
5125,64,1,4,10,11,2,0,0
4432,82,2,2,0,3,7,0,0
5955,27,1,4,3,8,3,0,0
2928,63,2,2,4,8,8,0,0
5680,66,1,1,0,3,6,0,0
10313,69,6,5,1,4,8,0,0
2557,52,1,1,1,2,4,0,0
1245,45,4,4,3,12,8,0,0
1519,2,3,3,0,3,8,0,1
10703,86,4,3,2,2,8,0,0
1726,23,1,1,1,2,9,0,1
4459,13,1,1,0,3,8,0,0
1729,14,2,3,5,10,6,0,0
1517,92,1,1,0,3,7,0,0
2098,38,1,1,0,2,8,0,0
9543,74,1,0,0,3,7,0,0
6878,14,3,4,1,6,7,0,0
3310,94,7,4,1,4,8,0,0
2724,33,1,0,1,2,3,0,0
948,32,3,1,2,2,5,0,0
6720,11,3,7,3,4,7,0,1
6202,78,4,4,5,13,2,0,0
2066,56,1,2,1,3,6,0,0
9799,57,3,2,2,12,5,0,0
8318,7,0,5,6,8,1,0,0
5642,0,2,3,1,6,4,0,0
2669,66,1,5,4,6,2,0,0
455,86,1,4,1,4,6,0,0
7683,80,3,5,3,12,3,0,0
3428,56,1,4,9,10,2,0,0
7414,18,4,3,1,4,8,0,0
6354,51,2,1,1,2,8,0,1
798,71,1,1,0,3,7,0,0
8213,71,4,2,2,3,7,0,1
2488,80,4,2,1,3,6,0,0
9999,2,1,9,4,9,5,0,0
7617,83,5,2,1,5,5,0,0
615,29,1,5,1,4,7,0,0
2552,11,9,6,3,6,7,0,1
194,55,1,1,0,3,6,0,0
3645,19,3,2,0,4,8,0,1
8890,1,3,5,1,5,6,0,0
5049,19,1,3,0,2,9,0,0
9973,28,3,7,1,8,7,0,0
7301,76,2,3,0,3,8,0,1
10882,50,4,4,3,6,4,0,0
7030,1,3,11,9,12,6,0,0
7422,90,3,5,1,7,7,0,0
3523,83,2,5,4,8,3,0,0
7106,73,1,3,5,10,1,0,0
6504,24,3,2,1,3,5,0,0
5067,11,1,2,7,11,5,0,0
4216,33,1,7,9,9,3,0,1
8581,4,9,10,2,8,8,0,0
5929,14,2,2,0,3,7,0,0
3129,30,1,2,0,3,6,0,0
6528,75,1,1,0,2,8,0,0
1361,26,1,3,4,8,1,0,1
6932,77,0,7,10,5,2,0,0
7284,8,1,1,0,2,8,0,0
1340,42,1,6,7,13,1,0,0
8746,28,2,2,5,10,6,0,0
5987,52,2,1,0,4,5,0,0
3767,1,2,5,5,12,3,0,0
3725,1,1,2,4,9,4,0,1
4324,42,5,8,1,7,8,0,0
238,76,15,9,6,9,7,0,0
6694,27,1,8,3,13,4,0,0
498,28,2,1,0,4,5,0,0
9347,49,1,1,0,3,5,0,0
9699,12,3,6,2,12,5,0,0
10664,14,2,9,1,5,8,0,0
5455,89,3,2,1,4,7,0,0
456,96,2,2,0,3,8,0,0
5012,56,1,1,0,3,8,0,0
7495,72,2,2,1,5,4,0,0
5029,14,1,0,0,3,5,0,0
10642,13,1,1,0,3,8,0,0
2106,99,1,1,0,3,8,0,0
10364,72,1,1,0,2,8,0,0
5954,92,2,5,0,4,8,0,0
1137,87,1,4,5,7,1,0,0
2541,7,2,2,0,3,8,0,0
1142,91,2,3,2,9,3,0,0
2276,71,5,4,7,11,3,0,0
2807,24,3,8,9,7,7,0,0
6471,17,1,2,0,4,5,0,0
6131,87,2,4,2,8,3,0,0
6233,21,3,9,5,10,7,0,0
4148,90,7,5,1,6,8,0,0
4947,44,1,7,7,9,4,0,1
3225,71,4,4,1,5,6,0,1
7540,52,2,2,1,8,2,0,0
10648,78,1,5,7,6,3,0,0
1992,2,4,2,2,8,7,0,1
7851,60,1,3,7,11,1,0,0
8594,25,2,3,1,3,6,0,0
7059,47,1,3,7,8,1,0,0
2815,46,2,4,0,3,7,0,0
2416,83,1,2,8,9,1,0,0
7999,17,1,5,6,5,2,0,1
9213,13,1,1,0,2,8,0,0
9697,86,3,7,2,8,6,0,0
3916,92,3,7,3,12,7,0,0
2021,47,4,6,10,13,4,0,0
1581,18,1,1,0,2,8,0,1
564,81,7,8,6,9,6,0,1
6619,91,2,1,0,3,7,0,0
9081,58,1,1,1,2,5,0,0
178,40,4,8,3,11,5,0,0
916,67,2,1,0,3,3,0,0
5512,19,1,7,1,8,5,0,0
8970,93,4,6,2,7,5,0,0
10581,41,7,7,3,4,8,0,0
5300,60,1,2,1,2,7,0,0
5154,54,1,2,0,3,6,0,0
8346,26,2,6,2,2,9,0,1
1676,30,4,4,2,5,5,0,0
9286,93,1,5,9,4,3,0,0
2426,35,1,5,10,13,3,0,1
5172,4,2,3,5,7,7,0,0
5562,92,2,7,2,10,6,0,0
3436,24,1,1,0,3,7,0,0
3921,96,1,4,1,4,8,0,0
3403,11,2,2,5,12,6,0,0
22,99,2,6,1,5,8,0,0
10965,72,1,3,5,13,6,0,0
9426,77,4,2,6,3,8,0,0
6605,85,1,9,4,6,7,0,0
3136,88,3,5,3,11,5,0,0
8737,22,1,2,0,3,3,0,0
11088,83,1,4,9,4,6,0,0
716,63,3,6,7,11,3,0,0
466,9,1,4,3,13,2,0,0
9135,92,2,1,1,2,8,0,0
10623,2,1,1,0,3,5,0,0
8151,6,1,4,1,3,8,0,0
5140,66,2,4,3,12,8,0,0
10160,49,1,1,0,3,5,0,0
4945,29,2,10,4,12,6,0,0
10584,77,1,5,10,8,3,0,0
6071,77,1,3,7,11,1,0,0
3386,71,1,2,1,4,7,0,0
8939,49,6,5,2,12,5,0,0
9925,97,3,4,2,3,7,0,0
4320,6,1,6,4,12,3,0,0
5389,93,3,6,2,5,7,0,0
6036,78,1,5,6,7,1,0,0
182,62,4,6,2,5,8,0,0
203,47,1,5,7,9,2,0,0
11025,9,4,3,1,3,8,0,0
10203,77,1,1,0,3,7,0,0
4607,24,1,4,5,7,2,0,0
3711,19,1,6,3,10,3,0,0
3696,67,2,2,0,3,7,0,0
2532,95,1,2,4,6,5,0,0
9214,48,1,5,1,6,5,0,0
4943,73,1,2,4,9,6,0,0
35,35,3,2,2,3,6,0,1
2258,76,1,1,0,3,8,0,0
4322,20,1,4,5,10,2,0,0
713,72,1,4,4,6,3,0,0
4702,20,1,4,8,4,8,0,0
3281,69,6,4,1,8,6,0,0
702,80,4,4,3,8,5,0,0
2004,65,1,4,7,5,1,0,0
4769,52,7,8,2,6,7,0,0
4437,65,2,3,2,5,4,0,0
8724,57,2,2,0,3,6,0,0
10741,70,4,6,1,5,7,0,0
1991,0,1,2,1,3,5,0,0
6931,19,1,8,3,4,4,0,1
11096,50,2,2,1,7,2,0,0
304,67,3,3,0,3,7,0,0
3665,46,3,3,0,3,8,0,0
10591,37,2,4,1,4,7,0,0
5036,38,2,4,5,3,6,0,0
5547,9,1,7,6,6,3,0,1
7822,56,2,4,6,8,3,0,0
8541,98,2,2,0,4,5,0,0
10955,68,1,3,6,4,1,0,1
4368,72,1,3,0,4,6,0,0
9671,47,4,3,1,2,8,0,1
2256,33,2,1,0,3,6,0,0
4279,87,2,1,1,3,3,0,0
5371,0,2,3,1,2,7,0,1
9240,73,2,6,2,8,6,0,0
9460,74,1,3,2,2,8,0,0
9504,4,1,3,8,13,1,0,1
8692,50,6,4,1,5,8,0,0
448,57,2,6,2,11,5,0,0
8314,30,1,5,6,7,2,0,0
8420,27,2,2,0,4,5,0,0
3174,61,1,5,10,4,6,0,1
7685,4,1,2,0,4,5,0,0
3179,75,0,6,6,7,2,0,0
9780,12,2,8,3,13,4,0,0
10681,13,5,6,3,12,4,0,0
10232,9,3,3,2,7,3,0,0
4184,48,2,3,2,5,4,0,0
9120,80,4,4,2,9,8,0,0
891,60,1,1,0,2,5,0,0
10381,43,1,1,0,2,6,0,0
3525,19,1,1,0,2,7,0,0
6818,26,5,5,1,5,6,0,0
3526,58,2,1,0,3,7,0,0
8181,42,3,4,1,3,8,0,0
1029,27,1,5,1,5,5,0,0
7369,56,2,2,0,3,8,0,0
2574,27,3,6,4,8,5,0,1
8159,10,3,4,1,3,7,0,0
1160,48,4,3,0,3,8,0,0
10242,39,2,2,0,4,5,0,0
5253,85,6,4,2,4,7,0,0
5966,64,5,3,1,6,6,0,0
5314,69,7,7,1,5,8,0,0
5081,54,1,1,0,3,8,0,0
5123,57,1,2,1,3,7,0,0
5756,64,2,2,0,3,6,0,0
8036,10,4,2,1,4,4,0,0
9058,65,1,5,11,5,3,0,1
5057,74,2,4,4,10,2,0,0
254,4,3,7,1,7,7,0,0
4179,94,1,1,1,3,4,0,0
3710,41,2,2,1,2,7,1,1
7627,25,0,5,11,5,2,0,1
4501,94,1,3,7,9,1,0,0
6424,9,1,1,0,3,4,0,0
3075,47,1,3,4,7,1,0,0
4992,12,3,3,1,2,7,0,1
5252,80,1,2,0,3,7,0,0
7444,20,2,1,0,3,8,0,0
6919,39,3,2,1,3,6,0,0
3537,57,3,3,0,4,8,0,0
10277,27,1,1,0,3,7,0,0
2453,83,3,5,3,12,5,0,0
7972,79,1,3,4,9,1,0,0
895,69,3,5,2,10,5,0,0
1177,77,4,3,1,3,7,0,0
7141,15,4,5,1,2,10,0,1
7232,99,2,1,1,3,5,0,0
8477,61,1,1,0,3,7,0,0
2457,23,2,1,0,3,7,0,0
988,84,1,6,4,7,3,0,0
7930,74,2,3,1,6,6,0,0
4587,90,1,3,1,7,3,0,0
6682,41,1,1,0,3,8,0,0
6222,28,2,2,0,3,7,0,0
10299,73,3,6,3,13,5,0,1
3083,88,5,6,2,5,7,0,0
8953,94,2,1,0,3,8,0,0
1503,31,0,0,0,1,1,0,0
8650,31,1,1,0,3,4,0,0
10862,6,5,1,2,9,2,0,0
2782,23,3,6,1,7,6,0,0
6941,92,1,2,1,2,7,0,0
10972,52,1,4,3,6,1,0,0
10708,50,1,1,0,3,7,0,0
6583,54,1,6,8,6,3,0,0
3641,93,2,2,0,3,6,0,0
10156,56,1,8,4,7,3,0,0
4299,28,7,11,11,5,7,0,1
3469,94,3,3,0,3,9,0,0
5063,76,3,4,1,4,9,0,0
10727,43,2,7,3,13,8,0,0
9624,46,1,3,4,6,1,0,0
5156,13,5,6,3,12,4,0,0
4376,27,1,2,1,3,7,0,1
8923,12,1,6,7,7,3,0,1
8461,3,1,1,0,2,7,0,0
6945,72,1,9,11,11,5,0,0
944,6,1,4,2,7,4,0,0
1907,53,5,8,4,9,7,0,1
701,58,2,6,2,8,2,0,0
3856,78,4,4,5,13,2,0,0
4149,57,1,5,9,6,2,0,0
2131,37,4,9,4,6,6,0,0
2942,20,2,5,4,4,5,0,0
1173,73,1,4,2,6,2,0,1
4381,56,7,3,1,6,6,0,0
4611,36,0,9,8,13,3,0,1
3376,9,1,3,1,6,4,0,0
4679,42,3,7,6,12,4,0,0
10928,28,2,7,1,7,5,0,0
4248,23,0,4,6,9,1,0,0
6728,38,2,1,0,3,9,0,0
6661,63,5,9,6,12,6,0,0
4725,71,1,1,1,4,2,0,0
3277,9,2,7,1,5,8,0,0
5555,81,0,0,0,0,0,0,0
2564,87,2,3,1,4,6,0,0
946,92,2,3,1,5,6,0,0
3867,36,1,9,3,13,4,0,0
6940,86,4,3,2,3,6,0,0
55,83,4,7,2,9,6,0,0
7093,74,1,0,0,3,7,0,0
5084,87,1,6,4,13,4,0,0
1777,29,1,2,0,3,8,0,0
8162,88,1,1,0,3,6,0,0
10826,77,1,1,1,2,8,0,0
8754,25,1,1,0,2,7,0,0
1987,34,2,2,0,3,6,0,0
11007,43,1,1,0,3,8,0,0
7426,76,3,3,1,5,3,0,0
9153,81,3,7,8,10,5,0,0
10379,87,5,5,2,9,6,0,0
9204,33,4,4,3,6,3,0,0
3197,38,2,6,4,8,4,0,0
2920,63,2,2,4,8,8,0,0
6961,26,1,1,0,2,8,0,0
4673,17,3,10,3,5,5,0,1
9937,75,1,2,2,12,1,0,0
8779,13,4,4,1,3,9,0,1
9596,19,1,3,3,13,2,0,0
2891,51,2,8,9,4,6,0,0
4910,81,1,11,5,13,7,0,0
75,32,1,8,1,5,8,0,0
10120,84,2,3,1,6,5,0,0
6327,87,1,2,8,6,1,0,0
10142,99,2,5,2,11,4,0,0
9826,96,1,5,6,10,2,0,1
1501,21,15,0,28,1,0,0,0
10767,40,1,3,5,12,1,0,0
7279,3,1,4,6,4,2,0,0
7230,98,6,4,5,7,6,0,1
143,73,1,5,3,4,2,0,0
450,90,3,1,4,4,3,0,0
9316,29,1,1,0,3,6,0,0
6379,3,3,2,2,2,7,0,1
9239,94,1,2,1,4,3,0,0
8315,65,1,1,0,2,6,0,0
2868,33,3,2,0,3,8,0,1
10888,46,2,8,4,6,6,0,0
1277,29,1,10,7,10,4,0,0
9977,99,3,9,3,5,4,0,0
10196,26,2,8,2,8,4,0,0
6384,30,3,5,2,11,8,0,0
8029,27,1,3,4,7,1,0,1
968,24,3,4,1,4,7,0,0
6988,93,2,8,4,8,4,0,0
4472,34,1,1,1,3,2,0,0
6991,88,2,9,3,6,8,0,0
3336,96,3,2,4,5,7,0,0
4301,10,1,1,1,2,7,0,1
1940,26,1,1,0,2,8,0,0
1272,49,4,7,5,10,5,0,0
1388,11,2,2,1,3,6,0,0
1044,44,3,5,4,8,4,0,0
6969,75,3,4,1,5,7,0,0
10479,64,1,3,2,5,1,0,0
3619,19,1,5,3,8,2,0,1
1715,45,2,2,0,3,7,0,0
10159,77,6,11,5,9,6,0,0
1463,9,1,1,0,2,7,0,0
5114,1,2,5,4,5,4,0,0
4990,90,1,11,1,8,7,0,0
4329,43,2,1,0,3,7,0,0
10936,79,1,5,6,4,3,0,0
4692,19,5,4,1,2,9,0,1
7212,99,1,2,0,3,6,0,0
6086,62,1,6,5,12,2,0,0
437,41,1,3,8,11,1,0,0
11171,60,7,6,3,5,7,0,0
11101,17,1,11,6,8,4,0,0
5329,24,1,0,0,3,5,0,0
610,60,8,7,2,6,8,0,0
9384,57,7,4,2,10,3,0,0
5956,74,5,6,1,4,8,0,0
10430,22,3,4,3,4,5,0,0
7875,46,1,4,8,13,2,0,1
7072,69,2,8,5,4,4,0,0
6255,29,1,4,1,7,2,0,0
6516,37,1,1,0,2,7,0,0
5564,26,2,7,5,6,4,0,0
5682,8,4,6,9,11,5,0,0
7458,26,2,3,0,3,8,0,0
5237,79,3,2,1,3,5,0,0
7761,71,2,3,0,4,6,0,0
5278,83,1,6,9,5,3,0,0
3560,57,1,4,4,11,1,0,0
7235,37,3,2,0,4,5,0,0
10548,30,1,3,8,12,1,0,0
2281,34,1,1,0,2,7,0,0
4073,0,1,10,10,7,6,0,1
6974,89,1,6,10,5,2,0,0
7938,92,2,3,2,10,3,0,0
7094,87,1,6,4,13,4,0,0
3667,20,1,8,5,11,8,0,1
7723,56,1,8,6,6,3,0,0
3870,28,1,7,3,13,4,0,0
4012,55,5,7,6,5,6,0,1
5909,25,5,3,4,8,8,0,0
10470,0,2,2,1,3,4,0,0
6488,86,1,3,2,2,5,0,0
10270,8,2,3,0,3,7,0,0
6887,33,2,8,1,8,6,0,0
6406,13,1,6,4,10,3,0,0
7573,12,1,2,1,2,7,0,1
4508,92,1,2,11,5,1,0,0
221,90,3,3,2,4,6,0,0
5331,8,1,3,6,7,2,0,0
1911,6,1,11,5,12,6,0,0
20,91,1,2,1,4,4,0,0
8786,52,4,6,1,7,6,0,0
10582,3,2,5,2,12,2,0,0
1915,57,1,8,5,6,3,0,0
8897,9,8,7,3,7,8,0,1
2371,22,3,2,0,4,7,0,0
4303,76,0,0,0,1,20,0,0
6825,86,1,1,0,2,7,0,0
1072,64,2,2,1,3,6,0,0
4964,90,1,2,11,4,1,0,0
2461,79,2,1,0,3,3,0,0
10736,28,2,6,9,5,2,0,0
3194,86,1,4,4,10,1,0,0
10839,42,2,1,0,3,4,0,0
49,39,1,1,1,2,7,0,0
4290,8,1,1,0,2,7,0,0
10219,40,1,1,0,3,8,0,0
4211,5,2,2,0,3,7,0,0
1135,96,5,3,0,4,7,0,0
6299,28,6,6,8,4,7,0,1
10846,22,6,7,1,8,7,0,0
347,30,4,7,1,5,9,0,0
6543,45,1,3,6,4,2,0,0
10446,58,1,5,4,7,2,0,1
3479,49,1,2,0,3,7,0,0
11075,37,4,3,3,5,4,0,0
4442,70,2,1,1,5,3,0,0
199,33,1,4,1,7,7,0,0
6722,98,3,10,3,7,6,0,0
796,17,3,11,4,8,8,0,0
3749,54,1,6,5,12,3,0,0
8523,39,3,4,0,3,8,0,0
310,81,4,4,4,9,4,0,0
8629,71,1,1,0,3,5,0,0
236,62,3,2,1,4,6,0,0
9930,8,1,6,8,13,2,0,0
3483,76,3,2,8,12,8,0,1
4599,66,6,7,1,7,7,0,0
7326,83,1,1,1,3,2,0,0
7352,28,4,3,4,6,3,0,0
2350,87,7,3,2,8,8,0,0
9145,43,2,5,9,6,2,0,0
2964,0,1,1,1,2,6,0,0
5585,1,2,2,0,3,8,0,1
9687,1,1,5,4,6,2,0,0
3732,72,6,5,7,9,4,0,0
6303,72,0,5,5,12,1,0,0
11176,12,2,5,4,7,3,0,0
2986,89,1,1,0,2,6,0,0
7462,67,3,10,2,4,9,0,0
3900,54,1,9,2,9,5,0,0
7034,34,2,2,0,3,8,0,0
9493,15,1,5,4,8,3,0,1
1143,43,2,2,0,3,7,0,0
1,0,1,7,3,7,5,0,1
3855,74,1,3,2,2,8,0,0
5536,61,1,5,10,4,6,0,1
5989,51,1,10,2,11,8,0,0
9499,97,3,3,4,7,5,0,0
6768,75,2,1,0,3,8,0,0
2150,83,1,8,9,4,4,0,0
6646,23,1,1,0,3,6,0,0
4887,65,1,2,0,3,5,0,0
8560,94,1,6,4,7,6,0,0
3321,42,3,7,3,7,5,0,0
11003,10,2,2,0,3,7,0,0
10402,94,2,1,0,3,8,0,0
9904,50,5,6,5,12,3,0,0
6141,46,2,6,1,5,7,0,0
5687,98,1,7,7,12,3,0,0
10856,42,1,1,0,3,6,0,0
5121,30,2,7,6,5,5,0,0
4186,11,3,2,1,3,5,0,0
368,61,3,3,2,6,5,0,0
3312,12,4,3,0,4,6,0,0
11121,76,4,4,0,3,9,0,0
5332,2,1,3,6,7,1,0,0
5848,43,1,5,6,7,2,0,1
10343,27,2,3,6,8,3,0,0
5935,60,3,7,5,8,5,0,0
2895,79,2,3,1,5,5,0,0
10262,96,4,3,1,3,5,0,0
7848,17,2,5,3,3,6,0,0
9477,0,3,6,2,9,4,0,0
4856,38,1,7,7,10,3,0,0
7186,43,2,1,1,2,5,0,0
5794,1,3,7,1,7,8,0,1
1456,25,7,10,2,12,7,0,0
4877,2,1,1,0,3,7,0,0
425,66,3,6,2,11,5,0,0
3007,49,2,1,0,3,8,0,0
1031,5,1,6,9,10,2,0,0
4297,71,2,2,0,3,8,0,0
807,35,6,6,1,4,8,0,0
9553,94,1,0,0,3,6,0,0
4271,80,6,4,1,6,7,0,0
4120,61,2,6,1,4,7,0,0
2036,29,3,4,2,8,4,0,0
115,0,3,5,1,8,5,0,0
4259,80,1,1,0,2,7,0,0
8687,54,3,2,3,8,3,0,0
2447,71,2,2,0,3,7,0,0
10140,27,1,5,7,4,3,0,0
9353,61,2,5,5,4,3,0,0
3623,55,3,4,0,3,7,0,0
738,35,4,3,1,4,7,0,0
7631,34,1,5,7,10,3,0,0
4789,95,1,4,8,5,2,0,0
773,64,7,6,6,4,6,0,0
10602,30,2,3,0,4,8,0,0
1446,12,1,6,9,12,1,0,0
3270,96,4,3,1,3,9,0,0
8443,16,3,3,1,2,8,0,1
9653,16,2,2,0,3,8,0,0
8916,78,1,0,0,3,5,0,0
8017,83,2,2,0,3,6,0,0
5830,96,1,5,6,10,2,0,1
4597,67,1,3,2,13,1,0,0
7023,87,4,6,1,4,9,0,0
8086,34,2,2,0,3,7,0,0
8825,46,8,9,2,5,8,0,0
2930,7,2,2,6,10,5,0,0
1928,73,2,2,0,3,9,0,0
7108,54,6,5,2,5,5,0,0
10925,93,1,3,10,11,1,0,0
9960,52,1,1,0,2,7,0,0
8800,53,2,7,10,5,6,0,1
9224,81,2,8,10,5,6,0,0
5519,8,1,6,9,4,5,0,1
5046,97,2,10,6,7,4,0,0
7037,50,3,4,2,8,6,0,0
905,38,4,4,0,3,8,0,0
8624,61,1,4,3,10,2,0,0
8945,46,2,4,1,4,6,0,0
6445,73,1,4,5,6,2,0,0
2727,19,1,3,3,6,3,0,0
6404,10,5,4,1,6,5,0,0
11074,94,1,3,4,10,0,0,0
10150,10,0,7,4,7,2,0,1
1968,37,1,1,0,2,7,0,0
6534,94,1,2,0,3,5,0,0
9485,23,1,2,1,6,4,0,0
7053,75,1,3,10,8,1,0,0
4654,40,1,3,10,5,2,0,0
9760,24,6,10,5,10,8,0,1
1048,11,2,3,1,4,7,0,1
10619,29,1,7,3,7,3,0,1
9308,51,1,3,4,6,1,0,0
10505,86,1,3,4,7,2,0,0
8362,9,1,7,6,6,3,0,1
2625,30,2,3,2,7,3,0,0
4637,73,1,6,9,9,3,0,0
9972,25,1,1,0,3,7,0,0
4483,67,1,2,10,6,1,0,0
4487,67,1,2,0,4,6,0,1
4988,58,3,1,1,4,4,0,0
8931,82,1,11,4,10,5,0,0
5871,98,3,6,1,6,8,0,0
2008,93,1,4,5,9,2,0,0
3139,53,1,4,4,10,2,0,0
10037,66,1,5,4,6,2,0,0
10673,6,1,6,9,5,3,0,0
5303,42,1,6,4,9,2,0,0
538,78,1,1,1,4,3,0,0
7922,29,2,11,2,10,7,0,0
5692,82,1,1,0,3,8,0,0
4843,92,1,2,11,5,1,0,0
6383,78,2,3,0,3,8,0,0
1628,54,1,9,3,4,4,0,0
1204,45,3,11,5,11,8,0,0
3673,59,3,7,5,11,5,0,0
760,8,2,8,4,9,6,0,0
8957,51,8,6,3,5,6,0,0
4128,51,2,7,4,7,5,0,0
6810,76,1,3,2,6,1,0,1
5386,62,0,5,8,5,2,0,1
8700,86,3,2,1,3,7,0,0
3202,60,1,4,4,10,8,0,0
1328,56,3,4,4,9,3,0,0
8405,83,2,4,2,5,3,0,0
6515,92,1,2,0,3,4,0,0
2882,31,2,3,2,9,8,0,0
7574,80,1,2,0,3,4,0,0
6387,39,3,2,1,3,5,0,0
5320,20,4,3,1,4,6,0,1
5048,53,1,3,1,2,8,0,0
8146,84,1,1,1,2,6,0,0
10031,50,5,3,0,4,8,0,0
5748,96,3,5,2,6,5,0,1
2134,94,4,5,5,8,5,0,0
1523,25,2,2,0,4,5,0,0
9665,48,4,5,2,5,6,0,0
4640,65,2,4,7,13,2,0,0
3635,69,3,6,3,8,5,0,0
3547,12,2,2,0,3,6,0,1
2456,84,5,2,1,5,6,0,0
5633,47,7,3,1,6,5,0,0
7801,87,3,5,2,11,4,0,0
10489,35,1,6,7,9,2,0,1
7011,47,3,3,0,4,7,0,0
2620,48,1,1,0,2,8,0,1
3933,46,6,10,2,6,9,0,0
10981,27,1,3,4,10,1,0,0
1734,37,4,3,0,4,7,0,0
10995,8,3,3,0,4,8,1,0
6357,29,3,7,1,7,5,0,0
9209,85,1,4,6,13,2,0,0
10286,2,1,2,8,13,0,0,0
2611,66,1,2,4,12,1,0,0
1600,60,7,6,3,5,7,0,0
3308,54,3,2,0,4,4,0,0
5407,70,5,10,6,7,7,0,0
2166,55,1,0,1,2,4,0,0
3955,20,0,0,0,0,14,0,0
6634,78,1,2,0,3,7,0,0
3056,63,3,11,6,9,6,0,0
5718,17,1,5,11,6,3,0,1
6872,43,2,4,2,8,4,0,0
8164,13,1,5,6,7,2,0,0
4580,46,1,9,7,9,5,0,1
9305,65,1,4,9,13,2,0,0
453,1,2,2,0,3,5,0,0
8545,6,1,2,4,10,1,0,1
9850,32,1,0,0,3,7,0,0
7378,34,5,10,1,6,9,0,0
7646,70,4,5,3,12,4,0,0
1640,49,2,1,1,4,3,0,0
5184,65,1,1,0,2,6,0,0
8492,25,1,8,4,10,6,0,0
11188,84,3,2,1,3,5,0,0
1212,7,3,8,8,6,6,0,0
9097,34,4,3,1,8,4,0,0
10473,38,1,6,4,9,7,0,1
7962,1,1,4,3,4,1,0,1
9984,25,5,8,5,4,8,0,1
5527,25,2,2,0,3,8,0,0
6374,50,5,5,2,4,8,0,0
7453,46,6,3,8,4,4,0,1
8952,96,2,6,5,10,3,0,0
241,57,1,4,4,11,1,0,0
8975,47,4,3,1,2,8,0,0
6119,52,1,1,0,2,6,0,0
5236,30,1,10,2,8,5,0,0
5723,63,1,1,1,5,2,0,0
1710,51,7,6,1,4,9,0,0
1970,14,1,3,0,3,8,0,0
5313,20,3,2,0,4,5,0,0
10634,56,1,4,2,8,3,0,0
7010,41,1,6,6,7,3,0,0
8562,72,1,2,1,7,2,0,0
3158,1,1,1,0,3,8,0,0
4436,27,1,2,1,4,7,0,0
5287,77,3,3,1,3,7,0,0
2445,87,1,2,0,3,8,0,0
6059,81,7,11,3,4,7,0,1
4550,51,1,1,1,3,5,0,0
4240,79,2,2,1,2,8,0,0
8911,11,3,5,4,9,4,0,0
3706,54,1,2,2,2,7,0,1
3628,93,2,2,1,2,9,0,0
10175,0,1,1,0,3,4,0,0
8985,54,5,10,7,10,6,0,0
5204,21,1,8,8,5,3,0,1
9220,58,1,8,6,5,3,0,1
9888,3,1,4,4,7,2,0,0
5263,99,1,1,0,3,8,0,0
1020,70,1,5,6,7,2,0,0
9503,65,2,5,1,5,8,0,0
10613,44,4,3,0,4,4,0,0
67,6,3,2,0,4,7,0,0
6019,9,1,1,2,2,6,0,1
5863,95,4,6,3,8,5,0,0
3717,70,2,5,5,6,3,0,0
6730,92,3,2,0,3,8,1,0
10749,62,15,0,1,0,19,0,0
4998,85,1,4,5,4,2,0,0
6287,2,1,1,1,2,6,0,1
5985,0,3,2,1,4,7,0,0
4754,91,1,2,0,4,4,0,0
4002,3,1,7,7,12,3,0,0
8870,68,6,6,1,5,8,0,1
966,98,6,6,2,11,5,0,0
4767,41,1,6,6,7,3,0,0
9725,16,1,1,0,2,8,0,0
4475,82,1,7,8,9,5,0,0
5740,1,2,1,2,2,6,0,1
5731,64,1,1,0,3,7,0,0
7290,68,1,3,5,12,2,0,0
3846,98,4,6,1,4,8,0,0
8104,32,1,5,1,5,7,0,0
4507,87,1,6,7,8,3,0,0
11013,84,1,2,8,6,1,0,0
4491,3,11,3,4,10,8,0,0
3759,34,2,7,6,11,5,0,0
1162,23,2,5,2,11,5,0,1
2055,37,2,1,1,2,5,0,0
10766,22,1,4,4,8,2,0,0
4415,19,3,1,1,3,7,0,0
3005,7,1,4,10,8,1,0,1
2223,52,8,8,9,8,6,0,0
4817,91,1,1,0,2,8,0,0
2875,93,1,3,7,13,2,1,0
10536,78,2,3,0,3,8,0,0
11112,23,6,5,6,8,3,0,0
3807,83,3,9,2,9,6,0,0
9197,92,2,2,0,3,5,0,0
10832,4,1,6,1,6,6,0,0
6421,32,1,4,7,9,1,0,0
4207,27,1,6,7,11,2,0,0
577,10,2,1,0,3,7,0,0
10855,9,2,4,1,8,5,0,0
3081,65,1,1,0,2,7,0,0
3535,68,1,4,3,5,2,0,0
247,16,6,7,2,4,9,0,1
8707,12,1,5,6,4,3,0,1
9523,95,1,0,0,3,4,0,0
6072,16,1,5,8,6,3,0,1
6295,46,4,11,6,5,8,0,0
10914,3,2,1,0,3,4,0,0
1509,80,0,9,9,4,5,0,1
5577,77,1,1,0,2,6,0,0
7348,0,1,4,7,5,2,0,1
1127,62,1,6,6,7,2,0,0
1833,91,2,2,1,4,5,0,0
4944,24,1,4,5,7,2,0,0
9080,2,3,3,0,3,8,0,0
6466,22,3,2,1,4,3,0,0
9964,56,1,4,2,8,4,0,0
4790,54,1,4,3,5,1,0,0
10245,71,1,3,3,8,1,0,0
1109,38,1,1,0,2,7,0,0
6001,62,2,5,8,10,5,0,0
5538,78,0,4,7,6,1,0,1
10552,18,2,4,1,7,5,0,0
1545,95,6,7,2,5,8,0,0
7409,66,2,4,1,6,5,0,0
4444,28,1,2,0,3,8,0,0
146,78,1,4,5,11,2,0,0
6271,13,1,2,0,3,5,0,0
10065,27,2,2,0,4,5,0,0
4741,17,2,6,2,9,5,0,0
246,71,7,4,1,7,4,0,0
375,79,1,2,2,11,1,0,0
1524,1,1,8,2,5,5,0,1
10022,78,1,1,0,2,5,0,0
7451,23,0,4,6,9,1,0,0
11010,75,3,3,0,3,8,0,0
4356,70,3,3,3,5,6,0,0
3885,10,1,1,1,2,8,0,1
1175,24,1,3,5,3,6,0,1
880,47,1,2,1,2,8,0,0
2320,98,5,11,1,6,9,0,0
850,4,2,6,5,9,3,0,0
4713,15,2,2,1,4,7,0,0
675,67,5,4,2,5,7,0,0
5025,32,1,2,1,4,3,0,0
2308,40,2,6,1,5,7,0,0
5995,54,7,6,2,5,8,0,1
6749,78,4,5,3,6,8,0,0
1010,94,2,1,1,3,3,0,0
8977,51,1,0,0,3,4,0,0
4756,42,1,7,6,11,4,0,1
3412,67,4,2,2,9,7,0,0
606,87,1,1,0,2,7,0,0
5961,29,1,1,0,3,5,0,0
2975,89,2,6,7,9,3,0,0
2894,74,1,7,5,8,4,0,1
7613,97,2,5,1,6,6,0,0
10542,63,3,3,0,3,9,0,0
8015,88,1,4,6,9,1,0,1
10617,34,2,3,0,3,5,0,0
11166,81,2,6,2,4,7,0,0
849,65,4,6,2,10,4,0,0
523,51,1,2,0,4,5,0,0
4066,76,2,2,1,2,6,0,0
8414,76,2,2,0,4,7,0,0
819,84,1,6,5,13,3,0,0
4961,56,4,2,1,4,4,0,0
749,31,2,3,1,3,6,0,1
5430,0,12,9,2,8,8,0,0
7755,91,2,9,1,4,8,0,0
10525,40,1,1,0,2,9,0,1
1453,59,2,9,3,13,6,0,0
8310,96,3,10,4,7,6,0,0
10710,61,1,1,0,2,8,0,0
5031,14,1,5,9,11,2,0,1
2613,16,2,1,3,6,1,0,0
213,98,4,2,1,3,7,0,0
967,11,10,5,2,9,7,0,1
1077,52,1,7,3,4,4,0,0
7959,19,1,3,2,5,1,0,0
640,61,2,7,6,10,5,0,0
4252,73,1,4,1,6,5,0,0
8432,0,12,9,2,8,8,0,0
6218,74,1,8,1,7,7,0,0
6905,55,1,6,4,10,2,0,0
5922,48,2,4,1,5,7,0,0
3598,53,4,4,2,12,4,0,0
6116,13,1,1,1,3,3,0,0
6263,34,3,2,0,4,8,0,0
10486,54,1,4,4,8,2,0,0
2410,69,1,3,4,8,1,0,0
193,81,1,1,0,2,5,0,0
3363,99,1,1,0,3,8,0,0
8278,3,1,8,2,5,5,0,0
10660,61,3,8,2,4,7,0,0
8686,65,2,2,0,3,8,0,0
1604,93,3,2,2,6,5,0,0
5907,24,1,1,0,2,8,0,0
10669,8,2,3,2,10,3,0,0
2918,72,3,2,0,4,5,0,0
5735,29,1,3,4,10,1,0,0
359,33,3,8,2,6,7,1,0
8387,68,1,4,1,5,6,0,0
1829,55,3,9,5,4,7,0,1
3839,76,5,2,2,3,5,0,0
9392,17,1,1,0,2,7,0,0
2292,94,1,1,0,3,5,0,0
10466,86,2,1,0,4,4,0,0
9855,25,1,6,6,13,4,0,0
4088,22,2,3,1,4,8,0,0
5231,15,1,1,0,3,5,0,0
590,35,1,5,6,4,3,0,1
8732,81,4,7,4,10,4,0,1
2315,55,1,1,2,2,4,0,0
3515,94,1,4,0,4,5,0,0
2245,50,3,2,1,4,6,0,0
6283,64,1,9,3,9,6,0,0
2246,91,1,2,1,4,4,0,0
6606,11,2,5,2,10,8,0,0
5545,72,1,3,5,5,1,0,0
7342,6,3,6,6,12,5,0,0
837,0,4,2,1,5,4,0,0
9500,66,3,9,2,8,7,1,0
3602,42,2,3,2,4,4,0,0
234,60,2,1,1,2,7,0,1
2995,64,1,3,4,9,1,0,0
1118,87,3,10,4,5,8,0,0
7789,96,1,6,9,10,2,0,0
3068,1,1,2,0,3,7,0,0
8955,54,1,1,1,2,5,0,0
945,53,2,3,0,4,7,0,0
5644,96,2,5,1,7,7,0,0
7192,58,2,2,4,10,1,1,0
2324,12,2,7,11,11,4,0,0
697,78,1,5,9,6,3,0,0
3439,64,5,4,1,5,6,0,0
1506,26,4,2,1,4,6,0,1
232,8,1,4,2,10,3,0,0
8876,49,5,3,1,4,9,0,0
4500,56,1,4,9,10,2,0,0
9739,55,2,2,2,2,7,0,0
10395,25,3,3,1,3,8,0,0
1176,50,1,1,0,2,8,0,0
1627,84,1,5,7,9,4,0,0
938,30,2,2,1,2,8,0,0
2740,81,4,2,1,4,5,0,0
257,74,2,5,4,9,3,0,0
4058,76,1,11,2,8,6,0,0
7736,36,2,2,1,2,5,0,1
8210,64,5,4,1,8,4,0,0
833,62,3,3,0,3,7,0,0
6230,53,5,5,0,4,8,0,0
7325,86,1,1,0,3,5,0,0
1307,15,3,3,0,4,4,0,0
1502,67,2,2,0,3,8,0,0
6211,47,1,1,0,3,6,0,0
843,47,4,8,2,11,6,0,0
4174,81,1,2,1,4,3,0,0
9757,98,1,5,6,12,2,0,0
6918,56,1,1,0,3,8,0,0
286,48,4,2,1,5,6,0,0
11086,18,1,1,0,3,7,0,0
1921,74,2,2,0,3,4,0,0
4138,68,1,5,10,7,1,0,0
7718,36,1,1,3,5,1,0,0
1291,90,4,6,2,4,8,0,0
6862,65,15,0,0,0,20,0,0
4136,63,4,3,2,2,9,0,0
803,82,1,0,1,2,5,0,0
4298,63,1,1,0,2,8,0,0
10833,55,3,8,3,13,6,0,0
9606,64,1,4,2,6,3,0,1
8534,51,4,6,5,13,4,0,0
5153,97,2,11,10,11,6,0,1
961,92,2,7,3,5,4,0,0
5011,51,2,8,9,4,6,0,0
6653,72,4,7,2,5,7,0,1
9094,39,2,7,4,3,6,0,1
810,49,2,4,2,11,2,0,0
5493,21,1,1,0,2,6,0,0
2147,91,1,4,7,11,2,0,0
5107,37,2,1,1,2,5,0,0
3979,98,1,6,2,8,2,0,1
6049,85,1,7,8,11,3,0,0
8147,40,3,2,0,3,8,0,0
1857,2,2,2,1,2,7,0,1
3910,78,0,4,7,6,1,0,1
5207,41,10,9,4,6,8,0,1
11114,94,3,2,1,3,7,0,0
5429,10,1,4,1,4,6,0,0
9400,73,1,6,6,6,2,0,0
1740,22,2,7,3,4,4,0,0
7488,30,3,5,3,13,3,0,0
195,21,4,5,1,4,8,0,1
635,51,8,9,1,7,8,0,0
7527,97,3,2,1,3,8,0,0
10319,56,4,3,4,11,8,0,0
2296,4,1,1,0,2,6,0,0
10637,77,2,3,0,3,7,1,0
2931,95,0,6,7,9,3,0,0
907,36,5,5,1,7,5,0,0
3698,13,1,4,6,8,2,0,1
9516,90,2,9,7,10,7,0,1
679,49,2,1,0,3,9,0,0
7384,18,2,7,1,7,8,0,0
5043,89,2,4,2,5,7,0,0
5267,43,1,1,0,3,7,0,0
339,82,2,9,2,5,7,0,1
2516,84,2,1,2,2,4,0,0
9010,80,1,5,7,10,2,0,1
378,68,2,7,2,10,6,0,0
4808,12,1,1,0,2,7,0,0
5068,75,1,2,0,2,9,0,0
7628,10,2,2,0,4,5,0,0
7128,91,1,1,0,2,7,0,0
2811,21,2,1,0,4,4,0,0
3551,28,2,2,1,5,2,0,0
1663,97,1,2,0,2,9,0,0
5543,49,5,7,2,11,5,0,0
1577,14,1,4,6,4,1,0,1
10641,5,4,2,1,3,6,0,0
5336,37,0,1,0,1,1,0,0
6024,62,0,5,8,5,2,0,1
1878,83,1,2,0,3,7,0,0
3099,48,5,5,2,4,9,0,0
6055,94,1,5,5,8,3,0,0
5841,61,5,10,3,8,7,0,0
3972,70,6,7,1,5,8,0,0
4394,43,1,5,5,12,2,0,0
5758,23,1,10,4,13,6,0,1
6658,37,7,11,2,12,6,0,0
4603,50,2,5,4,10,4,0,0
8427,78,1,7,5,10,4,0,0
10260,74,3,6,1,5,7,0,0
7143,14,5,4,7,10,2,0,0
8789,77,3,3,1,7,4,0,0
6197,39,3,3,0,3,9,0,0
4554,89,4,3,2,8,4,0,0
4937,62,1,1,0,3,7,0,0
1920,59,2,3,0,3,7,0,0
8749,68,1,1,1,2,4,0,0
1650,13,1,5,9,12,3,0,0
10377,37,3,6,1,5,6,0,0
9206,36,2,5,7,12,1,0,0
10971,28,4,7,2,3,9,1,1
6398,2,2,3,0,3,8,0,0
9212,17,6,6,3,13,7,0,0
7937,86,1,3,0,3,7,0,0
839,54,1,3,1,4,5,0,0
4246,2,0,1,0,1,17,0,0
158,3,1,8,3,5,4,0,1
4832,84,2,2,2,2,7,0,0
5621,8,5,6,1,5,9,0,1
1945,4,3,7,4,7,4,0,0
5147,57,1,4,9,13,1,0,0
2535,24,1,6,5,8,9,0,1
11039,51,2,5,2,4,5,0,0
9495,29,1,2,8,6,1,0,0
9635,13,1,3,1,3,6,0,0
2173,23,1,1,0,3,6,0,0
942,36,3,7,1,3,9,0,1
9386,88,1,5,1,6,6,0,0
5510,2,3,5,2,6,5,0,0
873,3,11,3,4,10,8,0,1
2253,15,1,1,0,4,6,0,0
5181,58,1,1,0,2,9,0,0
979,11,2,2,1,3,6,0,0
10390,27,1,1,0,3,6,0,0
4698,32,2,5,2,7,5,0,0
7793,12,3,10,4,7,6,0,0
1745,88,1,4,6,9,1,0,1
10590,91,1,4,8,10,2,0,0
5080,12,1,6,6,4,2,0,1
8369,21,1,0,1,2,8,0,0
5232,23,1,4,1,5,4,0,0
2407,10,1,6,6,7,4,0,1
3834,35,2,8,2,11,5,0,0
7912,69,2,3,1,2,8,0,0
7712,68,1,6,2,10,4,0,0
1065,85,1,5,8,5,2,0,0
7275,34,3,2,1,4,6,0,0
1343,55,6,8,2,6,7,0,0
1384,10,2,2,1,2,8,0,0
9967,30,8,6,1,7,8,0,0
6181,36,1,8,7,11,6,0,0
10507,14,4,2,2,7,8,0,0
2674,79,1,6,3,6,3,0,1
2698,52,3,6,3,5,6,0,0
3231,97,1,1,0,3,8,0,0
4096,24,3,4,1,4,7,0,0
10476,0,1,3,2,5,2,0,0
5948,96,2,4,1,5,5,0,0
9140,89,2,2,0,4,6,0,0
10258,94,2,1,0,3,8,0,0
5675,98,6,4,5,7,6,0,0
4743,72,5,8,4,11,6,0,0
8805,1,4,7,2,4,8,0,0
1542,26,6,4,2,8,5,0,0
6770,5,2,2,1,2,6,0,1
8773,22,3,5,1,6,7,0,0
10475,39,2,4,2,6,5,0,0
10420,56,1,4,2,3,7,0,0
7514,74,4,3,1,4,6,0,0
2902,87,1,1,0,3,5,0,0
4345,49,1,1,0,2,7,0,0
793,24,1,2,0,3,9,0,0
10909,9,0,5,10,5,1,0,0
3769,17,1,1,0,3,7,0,0
8702,10,2,1,0,3,7,0,0
4791,35,1,1,0,3,8,0,0
2963,56,1,8,6,6,3,0,0
8216,7,6,4,4,3,5,0,0
8140,51,3,2,1,4,4,0,0
10146,17,1,1,0,3,7,0,0
5289,30,2,1,1,2,4,0,0
2587,21,2,2,0,3,5,0,0
4405,2,2,6,3,12,5,0,0
8663,85,1,1,0,2,6,0,0
2589,65,2,2,1,3,6,0,0
3421,64,1,9,3,9,6,0,0
10490,11,2,6,2,4,7,0,0
4094,92,4,5,1,5,6,0,0
9958,54,1,9,2,9,5,0,0
2534,4,2,4,1,3,7,0,0
4188,53,3,5,2,4,8,0,1
6613,39,6,8,4,8,8,0,0
10827,49,4,3,0,4,9,0,0
5491,70,4,6,1,5,7,0,0
8402,40,2,7,5,8,4,0,0
8783,40,3,4,2,9,3,0,0
10010,43,4,3,2,2,9,0,1
618,17,1,7,2,12,4,0,0
9121,40,2,5,3,6,6,0,1
361,84,1,1,0,2,7,0,0
4310,25,1,5,10,5,1,0,1
2678,62,3,5,0,3,9,0,0
6376,83,4,4,3,8,4,0,0
524,47,1,2,1,2,8,0,0
10341,45,1,2,2,5,2,0,0
5654,34,2,2,0,3,6,0,0
4098,3,3,2,0,4,6,0,0
5824,1,1,1,0,2,6,0,0
7000,18,1,2,10,10,1,0,0
2561,45,4,4,3,12,8,0,0
5229,81,1,1,0,3,7,0,0
4086,77,1,1,1,2,8,0,0
2428,23,3,2,0,4,7,0,0
8254,48,1,1,0,2,8,0,0
2836,61,1,1,0,2,8,0,0
8418,60,2,2,0,3,7,0,0
1362,75,1,6,1,6,7,0,0
7152,64,1,1,0,3,7,0,0
10033,54,1,1,0,3,6,0,0
9349,84,1,6,5,11,2,0,0
274,75,2,2,0,3,6,0,0
3388,16,5,6,1,5,7,0,0
922,79,2,1,1,2,8,0,0
8588,92,4,5,1,5,6,0,0
2518,16,1,0,1,2,7,0,0
574,96,1,1,1,4,2,0,0
3220,30,2,3,0,4,8,0,0
5967,60,3,2,1,3,8,0,0
1183,11,1,1,0,2,6,0,0
6856,75,3,3,0,3,9,0,1
4530,36,3,3,7,10,3,0,1
1553,71,1,7,5,10,4,0,0
4682,88,1,2,2,8,1,0,0
8204,93,1,4,4,9,2,0,0
5221,93,4,10,7,5,8,0,0
1232,54,1,4,4,8,2,0,0
1927,41,4,4,4,5,2,0,0
5788,46,3,3,2,4,5,0,0
6652,28,1,3,4,9,1,0,0
6246,40,1,3,11,8,1,0,1
5975,82,1,2,0,3,7,0,0
6875,38,2,7,3,5,8,0,0
4399,3,1,4,4,7,2,0,0
4042,87,3,4,0,4,8,0,1
2157,49,4,2,0,4,6,0,0
10133,16,0,6,7,12,2,0,1
2525,65,2,5,2,9,6,0,1
8233,9,4,7,3,7,5,0,0
9483,24,7,4,6,8,3,1,0
2945,25,1,1,0,3,7,0,0
10403,43,3,3,0,3,7,0,0
5074,10,1,1,0,3,7,0,0
10524,29,4,2,11,5,2,0,0
4690,45,4,8,1,8,8,0,0
7521,57,1,4,4,11,1,0,0
7196,20,1,0,0,3,3,0,0
4406,29,4,9,4,8,5,0,0
9672,82,3,1,1,3,6,0,0
4864,68,4,4,1,3,8,0,0
4706,65,1,1,0,3,5,0,0
4070,99,1,8,5,4,7,0,1
25,9,2,6,6,7,4,0,0
3697,20,2,3,0,4,7,0,0
217,78,1,7,5,10,4,0,0
4220,26,1,2,1,3,3,0,0
5286,68,1,3,2,4,3,0,0
9559,79,2,7,5,13,5,0,0
2849,25,7,10,2,12,7,0,0
7787,83,3,5,3,12,5,0,0
3102,32,1,1,0,3,8,0,0
5868,49,2,1,0,3,7,0,0
8370,50,2,7,3,6,4,0,0
9988,84,3,6,3,13,4,0,0
2939,96,1,4,6,4,2,0,0
5529,56,7,8,2,5,7,0,0
9743,85,2,11,8,8,6,0,0
5763,63,5,6,2,5,6,0,0
3478,17,10,7,4,9,5,0,1
7494,11,4,6,1,4,8,0,0
1763,62,1,7,11,10,4,0,1
7250,48,7,7,2,9,6,0,0
2005,86,2,2,0,4,6,0,0
10770,73,2,4,7,13,2,0,0
6885,36,1,2,0,3,7,0,0
2072,34,6,4,2,9,9,0,1
9463,16,4,9,5,7,5,0,0
6318,48,1,9,7,13,4,0,0
4093,61,7,4,3,5,5,0,0
5751,54,1,1,0,3,6,0,0
3340,56,6,7,1,6,8,0,1
3594,74,13,8,2,9,8,0,0
3584,35,2,5,10,5,8,0,1
3643,65,1,4,3,6,2,0,0
851,48,9,5,2,10,6,0,0
7706,88,6,11,8,5,8,0,0
3967,19,1,2,8,13,1,0,0
10128,21,5,5,5,12,5,0,0
486,27,1,3,4,10,1,0,0
9,86,4,3,2,2,8,0,0
9451,92,3,10,4,9,7,0,0
9264,1,1,4,8,9,2,0,0
3865,14,1,3,1,2,8,0,1
2853,74,2,4,2,4,5,0,0
1490,84,5,10,3,8,8,0,0
6310,4,1,2,0,4,5,0,0
10380,50,1,3,0,3,8,0,0
3887,2,2,2,0,3,9,0,1
4278,73,1,10,2,6,3,0,1
8643,21,1,4,5,12,3,0,0
1998,82,1,2,1,3,6,0,0
10795,14,2,2,0,3,7,0,0
11110,56,0,0,0,0,14,0,0
2408,20,12,7,4,9,7,0,0
202,54,0,4,6,7,1,0,0
7998,77,3,2,2,2,7,0,0
830,5,1,4,6,4,3,0,1
3536,65,2,1,1,3,5,0,0
6050,33,4,6,3,13,9,0,0
125,65,6,5,1,5,7,0,0
3463,41,4,7,3,13,5,0,0
2804,86,4,3,2,2,8,0,1
3745,92,2,3,0,3,8,0,0
9771,97,6,5,1,5,9,0,0
451,91,1,1,1,2,8,0,0
10530,0,1,3,6,6,1,0,1
1079,59,3,3,4,9,8,0,0
8920,4,3,11,2,12,7,0,0
6678,5,2,3,0,4,7,0,0
3852,48,4,9,2,12,5,0,0
528,99,1,5,4,10,3,0,0
73,81,1,0,0,3,5,0,0
5589,95,3,9,2,10,7,0,0
10212,43,1,3,0,3,8,0,0
6365,5,1,2,0,3,6,0,0
5636,50,1,4,0,3,8,0,1
591,76,2,8,3,7,7,0,0
2217,46,1,0,0,3,6,0,0
2544,68,1,1,1,4,1,0,0
7725,33,1,4,4,7,1,0,0
8091,50,1,6,4,6,5,0,0
7321,85,1,4,5,4,2,0,0
5462,63,5,9,6,12,6,0,0
7791,89,2,1,0,3,7,0,0
955,81,7,4,2,4,8,0,1
4037,77,1,1,0,2,7,0,0
6642,50,4,2,1,4,6,0,0
2793,10,3,7,3,13,5,0,0
5424,30,2,3,0,4,8,0,0
879,66,6,7,1,7,7,0,0
9530,16,1,1,0,2,8,0,0
4828,12,1,5,10,5,1,0,0
10699,30,2,3,0,3,8,0,0
1497,8,2,6,3,5,5,0,0
7476,93,4,5,4,10,4,0,0
4390,14,2,5,4,12,2,0,0
10478,53,5,11,1,6,9,0,1
1081,26,11,6,3,5,4,0,0
4261,23,1,7,6,12,3,0,1
9916,92,3,2,0,3,8,1,0
5350,29,1,3,4,10,1,0,1
8135,41,1,1,0,3,7,0,0
8685,56,6,7,1,6,8,0,1
4967,19,4,5,1,5,8,0,0
2130,4,1,3,1,3,6,0,1
9298,89,1,4,5,8,1,0,0
8175,71,1,2,1,4,7,0,0
6257,81,1,7,2,7,7,0,0
3790,31,1,1,0,2,6,0,0
9952,53,1,4,7,5,1,0,0
3503,78,1,5,3,6,1,0,0
5223,80,2,2,1,3,4,0,0
4608,18,1,3,10,13,1,0,1
1626,37,2,1,1,2,5,0,1
4764,52,4,3,1,4,7,0,1
2471,39,1,3,2,6,2,0,0
5892,11,7,3,2,5,7,0,0
2612,33,1,7,5,12,3,0,0
4971,22,2,3,1,4,8,0,0
5185,83,1,4,3,5,2,0,0
10069,43,1,2,0,2,9,0,0
2262,74,3,6,1,5,7,0,0
1131,54,1,2,0,4,3,0,0
1041,3,5,7,1,6,8,0,1
24,96,5,3,0,4,7,0,0
3409,68,3,7,1,4,9,0,0
7022,2,1,2,5,13,6,0,0
7943,40,1,1,1,3,2,0,0
5272,64,4,8,5,3,7,0,0
5453,26,1,4,7,12,2,0,0
2565,69,1,4,5,10,3,0,0
800,57,2,1,0,3,4,0,0
11092,78,2,2,0,3,7,0,0
5062,71,1,2,0,2,8,0,0
8969,59,4,5,5,11,3,0,0
4656,28,5,10,5,4,9,0,0
4480,61,5,7,2,5,6,0,0
9971,22,1,4,4,8,2,0,0
6729,95,1,4,5,11,3,0,0
1773,38,1,2,0,3,9,0,0
9242,19,1,6,3,9,4,0,1
1764,92,4,5,1,5,8,0,0
6215,24,2,1,1,2,8,0,1
10099,21,3,5,3,13,4,0,0
5423,35,1,1,0,2,7,0,0
940,9,2,3,2,7,3,0,0
3011,23,1,4,1,5,4,0,0
3298,92,7,9,6,9,8,0,0
8286,55,1,3,0,4,7,0,0
9668,14,3,2,0,4,8,0,0
5120,78,1,5,7,6,3,0,0
6097,64,9,8,1,6,9,0,0
7019,49,4,3,1,5,4,0,0
7408,8,2,5,1,4,7,0,0
8041,35,6,3,2,10,9,0,0
252,11,1,6,2,8,6,0,0
9986,8,3,4,1,2,7,0,1
3276,53,1,3,0,3,7,0,0
3859,36,1,9,3,13,4,0,0
3570,64,3,4,1,5,5,0,0
3783,43,2,2,1,4,5,0,0
10207,40,1,1,0,2,8,0,0
10906,52,2,4,6,4,5,0,0
3427,11,6,11,2,7,8,0,0
5209,21,2,8,2,7,7,0,0
10711,23,1,3,6,12,1,0,0
10785,17,2,2,0,3,5,0,0
2814,6,1,1,0,3,7,0,0
6866,56,1,1,0,3,5,0,0
1665,71,5,2,5,6,5,0,1
6575,51,8,9,1,7,9,0,0
3829,94,1,1,0,3,5,0,0
3091,27,1,7,5,8,4,0,0
10141,1,1,0,0,3,4,0,0
5177,56,2,6,2,6,6,0,0
7005,71,1,5,3,12,2,0,0
6409,18,1,7,5,7,6,0,1
7485,48,3,2,1,4,4,0,0
8079,86,3,2,1,3,3,0,0
8395,48,1,3,6,12,6,0,1
10352,2,3,3,1,2,9,0,1
4931,13,0,0,28,0,1,0,0
13,57,2,1,0,3,6,0,0
1834,77,1,2,0,3,7,0,0
2285,0,3,5,2,5,7,0,0
2295,57,1,5,3,13,3,0,0
1378,24,6,7,4,6,6,0,0
2781,55,1,4,6,6,2,0,1
1165,62,9,6,2,7,6,0,0
1404,89,4,5,1,3,9,0,0
6457,77,2,6,4,12,4,0,0
2639,45,3,3,1,2,6,0,0
8299,46,1,1,1,3,4,0,0
6437,80,1,2,0,3,7,0,0
6912,60,1,6,3,12,4,0,0
7327,71,3,1,1,4,2,0,0
5299,43,2,7,3,13,8,0,0
4127,97,2,11,10,11,6,0,1
8143,49,2,4,2,5,7,0,1
1964,66,1,5,6,6,2,0,0
3690,20,1,7,4,10,6,0,1
3433,54,1,6,8,6,3,0,0
3389,61,4,8,9,13,5,0,0
4712,18,1,1,1,4,4,0,0
1170,45,4,5,1,4,8,0,0
6347,26,1,1,0,3,8,0,0
4065,0,2,5,1,8,7,0,0
8230,28,1,2,0,3,7,0,0
1215,49,1,5,10,7,3,0,0
5939,84,4,3,1,3,5,0,0
2156,38,4,2,0,4,5,0,0
7788,53,1,0,0,3,3,0,0
10323,88,2,4,2,5,5,0,0
7947,99,1,1,0,3,5,0,0
1891,12,1,4,6,5,2,0,1
2570,35,4,10,4,7,8,0,1
9256,5,4,8,3,12,6,0,0
295,77,1,3,7,11,1,0,0
7397,45,3,7,2,9,7,0,0
6349,71,1,8,4,6,5,0,0
10790,40,1,1,0,2,8,0,0
10398,82,1,1,0,2,7,0,0
2431,70,1,2,0,3,8,0,0
550,87,2,3,3,13,2,0,0
1890,95,1,1,0,2,7,0,0
10742,72,0,4,2,5,1,0,0
10356,5,1,1,0,3,7,0,0
4676,86,2,9,6,8,5,0,0
8852,80,5,8,4,11,6,0,0
3565,62,3,3,0,3,7,0,0
5294,49,3,3,0,4,7,0,0
1958,85,6,8,2,9,5,0,0
7349,7,4,3,1,3,8,0,1
8799,6,3,3,1,4,7,0,0
1351,25,4,7,8,13,6,0,0
1045,55,2,5,2,4,7,0,0
7732,81,1,7,2,10,5,0,0
8070,98,1,3,3,5,3,0,0
477,31,1,4,7,10,1,0,1
7832,30,1,8,7,7,4,0,1
2202,98,1,1,0,4,5,0,0
7396,92,1,5,8,12,3,0,0
4055,41,2,3,0,3,6,0,0
10340,68,6,6,1,5,8,0,0
10091,78,2,6,3,6,5,0,0
7629,46,2,2,0,3,7,0,0
10640,71,5,4,1,4,7,0,0
3498,6,4,7,5,9,6,0,1
6742,82,1,1,0,2,8,1,0
1172,71,1,7,5,12,3,0,1
569,32,1,5,6,7,2,0,1
4686,28,0,6,5,13,2,0,0
1381,20,5,6,1,5,8,0,1
2634,10,3,2,1,3,6,0,1
10905,7,5,4,1,6,8,0,1
1744,67,1,1,1,2,6,0,0
1000,48,4,9,2,12,5,0,0
3828,61,2,7,6,13,4,0,0
8605,36,2,2,0,3,6,0,0
10304,77,1,1,1,2,8,0,0
4351,90,1,1,1,2,7,0,0
10129,35,1,3,5,12,1,0,0
2499,38,1,5,2,10,4,0,0
10092,46,4,7,10,5,5,0,0
7500,33,2,8,1,8,6,0,0
5796,70,1,4,5,13,1,0,0
10556,51,4,6,1,6,7,0,0
1064,18,1,1,0,3,8,0,0
48,97,2,4,1,3,6,0,0
7610,32,5,6,3,5,8,0,0
263,9,1,3,1,3,8,0,1
10814,6,1,6,5,13,4,0,1
9710,80,2,11,3,7,8,0,0
9292,74,1,4,11,7,2,0,0
10250,49,1,1,0,2,7,0,0
7881,21,1,6,4,13,2,0,0
5847,95,3,7,3,10,5,0,0
737,56,2,4,4,5,2,0,0
3571,48,3,8,3,5,6,0,1
7807,26,5,5,1,5,6,0,0
3878,3,1,1,0,3,7,0,0
5092,39,4,7,1,7,8,0,1
2154,33,3,2,0,3,7,0,0
5394,42,4,1,1,4,3,0,0
3798,80,3,2,1,3,6,0,0
3524,9,2,5,1,2,9,0,1
5247,52,2,1,0,4,4,0,0
5883,78,3,7,4,7,5,0,0
2118,68,3,7,2,8,4,0,0
8812,45,2,2,0,3,7,0,0
6616,47,2,3,3,8,2,0,0
2797,34,1,9,7,9,5,0,0
4328,81,2,2,1,3,6,0,0
9167,72,3,9,2,12,6,0,0
10560,23,1,1,0,3,5,0,0
2631,29,1,2,8,6,1,0,0
8312,80,1,2,0,3,6,0,0
5534,30,2,3,2,3,7,0,0
5093,15,3,3,0,3,9,0,1
7592,86,1,4,1,4,6,0,0
8895,68,1,3,5,12,2,0,0
8584,54,1,2,7,7,0,0,0
2694,44,1,1,0,3,6,0,0
8910,7,5,4,1,6,8,0,1
7433,87,4,3,1,4,8,0,0
164,59,2,5,1,5,8,0,0
10477,16,1,3,1,2,7,0,0
2681,1,1,2,3,13,1,0,0
5150,64,2,2,0,3,6,0,0
5283,72,3,2,1,4,5,0,0
9645,98,1,9,4,10,6,0,0
10678,91,2,11,2,10,7,0,0
7261,8,5,5,2,5,8,0,1
9648,20,4,5,1,4,8,0,0
2870,6,5,6,3,6,6,0,0
8008,54,1,2,0,4,6,0,0
1513,72,13,2,2,12,8,0,0
6173,46,1,6,6,11,3,0,0
1419,11,3,2,1,3,5,0,0
9150,21,2,1,0,4,4,0,0
7960,89,1,3,9,13,1,0,0
1250,82,1,2,1,3,6,0,0
9905,69,5,3,3,3,6,0,0
10691,55,1,1,1,2,6,0,0
7002,13,1,3,2,8,3,0,0
2952,80,2,3,0,3,6,0,0
8439,97,2,6,3,4,4,0,0
762,27,1,7,5,8,4,0,0
2831,99,2,7,7,10,3,0,0
6977,87,1,10,5,13,6,0,0
6289,85,2,3,1,4,5,0,0
4168,30,9,5,1,8,7,0,1
8397,82,2,1,1,2,7,0,0
9284,21,5,5,5,12,5,0,0
6237,92,0,23,1,1,0,0,0
3130,95,4,2,0,4,5,0,0
1619,2,1,4,6,6,1,0,1
1990,74,1,3,5,8,3,0,0
5513,49,2,1,0,3,8,0,0
269,71,6,4,4,7,9,0,0
8093,72,1,4,3,6,1,0,0
10513,68,1,2,3,6,7,0,0
10177,4,3,5,4,8,2,0,0
2549,80,1,1,0,3,9,0,0
5782,15,2,9,2,9,5,0,0
10057,70,1,5,7,9,7,0,1
10307,91,3,6,2,8,5,0,0
8566,10,1,1,0,2,7,0,0
2415,99,3,5,3,5,4,0,0
5684,25,2,2,0,3,7,0,0
8334,34,3,2,1,4,6,0,0
9166,57,3,4,4,12,2,0,0
1440,84,2,9,5,9,7,0,0
78,51,1,1,1,2,8,0,0
5441,97,2,5,2,6,5,0,0
5302,13,1,4,6,5,2,0,1
4687,92,1,3,11,9,1,0,0
1087,30,3,4,1,2,9,0,1
6859,30,2,4,0,3,9,0,0
9860,11,3,4,1,4,7,0,0
7129,72,8,6,4,13,6,0,0
5866,39,3,4,1,4,7,0,0
10521,0,4,2,1,5,4,0,1
7393,15,3,2,1,3,5,0,0
7849,12,1,2,9,13,1,0,0
332,56,3,4,1,6,6,0,0
9847,39,2,7,4,3,6,0,0
531,55,11,8,5,9,6,0,1
9576,60,3,4,0,4,9,0,0
6906,73,1,3,10,4,2,0,1
7419,90,2,2,0,3,6,0,0
3170,86,1,4,4,6,2,0,0
8527,37,5,6,2,6,7,0,0
7872,7,1,6,10,6,5,0,1
9931,29,15,0,0,0,19,0,0
10595,19,1,2,0,3,7,0,0
4609,14,3,8,1,6,6,0,0
5010,72,2,1,0,3,8,0,0
4427,56,1,5,10,12,6,1,1
11148,85,1,1,0,2,8,0,0
1168,62,1,4,6,10,2,0,0
9595,1,1,4,5,4,3,0,1
10163,28,1,8,4,7,4,0,1
2886,70,4,10,8,10,6,0,0
6710,84,1,2,0,4,6,0,0
5316,89,1,2,0,4,7,0,0
9029,73,1,2,8,12,1,0,0
521,42,2,8,1,7,7,0,0
1459,16,1,5,3,5,3,0,0
10241,16,1,1,0,2,6,0,0
1630,56,1,4,2,8,4,0,0
3254,65,1,5,4,4,2,0,0
9064,10,1,6,6,7,4,0,1
3678,13,11,8,3,7,7,0,1
4227,78,3,2,1,3,5,0,0
9467,51,1,1,0,3,6,0,0
8486,27,4,9,0,4,10,0,0
2186,30,1,5,10,6,2,0,1
3286,71,2,2,0,3,6,0,0
8602,97,2,7,6,11,4,0,0
3722,83,2,2,0,3,6,0,0
6715,3,6,6,2,11,6,0,0
4796,71,1,1,0,3,2,0,0
9612,3,1,1,0,3,7,0,0
3766,15,3,9,1,8,9,0,1
1399,52,1,3,7,9,1,0,0
1570,8,2,7,7,10,4,0,0
3426,89,3,5,5,13,8,0,0
3074,66,1,5,8,4,6,0,1
8341,22,2,1,1,2,7,0,1
5180,56,2,4,0,4,7,0,0
6461,74,1,5,6,11,2,0,0
7679,48,1,1,1,3,3,0,0
10702,67,2,7,1,7,7,0,0
7505,24,1,1,1,2,4,0,0
5113,67,1,5,5,5,2,0,1
10858,38,4,9,5,7,5,0,0
2961,86,2,6,3,4,6,0,0
2747,90,1,4,10,5,3,0,0
3010,87,1,4,7,8,1,0,0
5790,62,2,2,0,3,8,0,0
6892,23,8,10,4,6,8,0,0
1743,99,1,2,3,5,1,0,0
3578,29,2,3,1,6,6,0,0
8462,52,1,1,1,2,6,0,0
5558,90,1,4,6,4,1,0,0
4619,9,0,27,0,0,1,0,0
8780,71,2,3,5,8,3,0,0
10789,13,2,2,0,3,7,0,0
10779,16,1,1,0,3,7,0,0
5896,94,1,4,4,6,2,0,0
2337,77,3,3,0,3,6,0,0
10951,20,2,3,1,8,4,0,0
544,51,1,3,4,6,1,0,0
17,81,4,6,11,7,5,0,0
10680,71,1,3,0,3,7,0,0
3265,36,1,1,0,3,6,0,0
5623,95,1,1,1,2,7,0,0
5832,32,0,3,5,13,0,0,0
5544,32,2,7,8,5,5,0,0
6417,85,1,4,6,13,2,0,0
5831,93,3,5,5,5,8,0,1
7101,24,6,10,5,10,8,0,0
10176,44,7,4,4,8,8,0,1
2326,15,1,1,0,4,6,0,0
4385,82,2,3,0,3,6,0,0
2929,27,1,2,1,4,7,0,0
10686,72,1,1,0,2,7,0,0
2546,7,1,1,0,4,3,0,0
3283,57,2,6,2,12,3,0,0
3138,84,0,7,9,6,4,0,1
4994,53,1,7,5,13,3,0,0
7966,48,3,11,5,11,5,1,0
3112,2,1,1,0,3,5,0,0
10872,65,3,4,2,11,8,0,0
2181,45,1,3,3,7,2,0,0
1867,42,1,9,3,6,5,0,1
1518,29,5,9,3,7,7,0,0
5734,83,1,2,0,4,5,0,0
2878,93,2,4,2,7,3,0,0
1458,40,3,3,0,3,6,0,0
7007,47,2,3,1,2,7,0,0
6200,50,2,6,6,9,3,0,0
1403,40,2,1,0,3,7,0,0
4827,3,5,4,2,9,4,0,1
6250,62,3,11,2,8,8,0,1
9291,25,1,0,0,3,5,0,0
2478,48,1,1,0,4,4,0,0
1139,56,1,5,11,5,2,0,1
5138,68,1,1,0,3,8,0,0
5393,64,1,1,0,3,7,0,0
10413,67,1,4,6,12,1,0,0
5015,94,2,2,2,3,7,0,0
10868,82,2,3,4,10,3,0,0
10676,3,2,3,8,7,2,0,1
2495,24,1,4,7,10,1,0,0
7842,54,3,3,0,3,8,0,0
9955,20,2,3,0,4,7,0,0
6663,96,1,3,1,4,5,0,0
2162,19,2,3,3,10,3,0,0
3434,60,1,4,4,10,1,0,0
7919,2,1,10,4,8,8,0,1
5626,13,1,4,2,9,4,0,0
6428,37,1,1,8,7,0,0,0
8514,59,1,1,0,3,6,0,0
10448,55,5,5,3,5,7,0,0
2109,60,1,6,11,10,2,0,1
7530,48,3,2,1,4,4,0,0
8925,38,3,8,5,10,5,0,0
3009,8,1,5,3,6,6,0,1
6355,19,3,2,0,4,3,0,0
3517,32,3,3,1,3,9,0,1
1158,27,1,3,0,4,7,0,0
6203,58,1,6,7,12,3,0,0
7165,59,2,8,2,10,5,0,0
3595,29,2,6,8,12,3,0,0
8537,60,1,3,10,7,2,0,1
4331,41,1,3,6,11,1,0,0
6281,27,2,6,3,5,4,0,0
4338,28,1,1,0,3,4,0,0
2452,8,5,5,2,5,8,0,1
9507,18,2,6,3,5,7,0,0
8360,76,3,3,1,5,3,0,0
10311,0,0,25,0,0,1,0,0
5117,32,2,4,4,8,5,0,0
4867,2,4,3,0,4,7,0,0
9289,16,1,2,1,2,8,0,1
10913,56,1,1,0,2,8,0,1
3032,97,3,4,0,4,9,0,0
8524,15,3,3,0,3,9,0,1
3334,35,0,5,7,9,1,0,0
4470,3,1,2,1,4,4,0,0
1406,49,8,6,3,5,7,0,0
8619,4,1,0,0,3,5,0,0
10821,45,6,4,1,5,7,0,0
4552,37,1,3,5,3,4,0,0
898,39,3,3,0,4,8,0,0
9797,38,2,3,3,8,2,0,0
10949,8,1,5,5,8,3,0,1
8212,89,2,3,1,4,7,0,0
6248,47,0,9,7,11,3,0,1
10164,75,1,5,5,5,5,0,0
4547,86,2,1,0,3,8,0,0
6815,4,0,7,6,8,2,0,1
4122,73,1,6,5,4,4,0,1
10841,46,3,4,3,8,4,0,0
5370,38,4,7,1,6,8,0,0
176,73,1,4,1,6,3,0,0
4860,66,1,1,0,3,6,0,0
10757,36,1,1,0,2,6,0,0
4023,29,3,3,2,2,8,0,1
6679,29,1,0,0,3,3,0,0
9923,6,3,2,0,4,7,0,0
7181,97,2,2,0,3,8,0,0
3599,61,3,8,4,8,5,0,0
405,68,4,5,5,3,8,0,0
6870,73,1,3,1,7,2,0,0
832,90,3,8,2,10,5,0,0
2002,81,1,5,6,5,3,0,0
3657,1,3,4,0,4,8,0,0
500,79,1,7,7,9,2,0,1
1951,92,6,11,2,8,9,0,0
3262,31,1,2,9,13,5,0,1
4102,46,1,0,0,3,6,0,0
7042,14,1,2,1,2,9,0,1
10598,89,3,2,0,3,8,0,0
255,31,2,1,0,3,6,1,0
2375,75,1,0,0,3,8,0,0
9829,42,3,2,0,4,6,0,0
6214,53,1,2,0,3,6,0,0
4954,53,6,4,2,5,6,0,0
7861,23,2,8,3,6,4,0,0
4837,57,2,8,5,13,4,0,0
9423,49,2,2,0,4,5,0,0
4198,6,1,0,0,3,6,0,0
153,29,1,1,0,3,4,0,0
9323,5,4,10,5,7,8,0,1
10001,98,4,2,1,3,9,0,0
3945,80,2,11,8,4,6,0,1
3799,4,3,7,2,11,5,0,0
8625,70,3,3,0,3,8,0,0
3491,32,4,11,6,8,7,0,0
983,82,1,6,2,3,8,0,0
9119,27,2,3,3,7,2,0,0
4786,94,4,10,3,12,6,0,0
5872,23,4,4,4,10,3,0,0
6568,97,1,2,0,3,7,0,0
5628,25,1,10,3,10,6,0,0
5631,92,1,5,4,8,4,0,0
4974,98,10,4,6,9,7,0,0
8416,19,2,2,0,3,6,0,0
5454,80,1,2,0,3,5,0,0
4095,80,8,4,3,6,7,0,0
5474,79,3,4,1,4,6,0,0
4268,50,1,3,1,4,4,0,0
10701,60,1,7,8,12,4,0,0
3507,44,2,2,5,5,6,0,1
2079,0,1,5,6,10,1,0,0
626,28,1,1,0,3,4,0,0
4426,35,6,7,2,6,7,0,0
2591,49,2,6,3,4,2,0,0
10509,46,2,3,0,3,8,0,0
6382,97,1,1,0,3,4,0,0
6673,51,1,3,0,3,8,0,0
7441,80,3,2,10,12,7,0,0
1071,10,3,7,3,13,5,0,0
10061,29,2,9,2,12,7,0,0
7187,52,7,4,10,4,3,0,0
8775,74,3,3,1,3,7,0,0
1612,82,2,3,0,3,6,0,0
2345,54,1,4,4,8,2,0,0
322,93,2,2,0,3,4,0,0
10897,63,5,9,6,12,6,0,0
123,92,2,4,5,4,2,0,0
6103,40,1,2,1,3,4,0,0
7899,70,2,4,7,4,7,0,0
10500,96,2,3,0,4,5,0,0
1655,81,1,1,0,3,7,0,0
2406,63,3,6,2,8,5,0,0
2712,85,1,6,3,10,3,0,0
5517,51,1,1,1,2,8,0,0
10643,23,2,5,2,11,5,0,1
2254,95,1,9,6,5,5,0,0
10281,11,2,5,5,7,4,0,1
6958,42,1,1,1,2,6,0,0
954,77,1,2,1,3,5,0,0
5079,82,4,2,1,3,8,0,0
10339,83,2,4,1,4,6,0,0
4643,40,2,3,0,4,8,0,0
3117,95,3,6,1,5,7,0,0
6497,32,4,6,2,5,8,0,0
5396,48,1,9,7,13,4,0,0
5250,75,1,5,5,11,1,0,1
1052,24,3,8,9,7,7,0,0
2802,61,1,4,6,7,2,0,0
6343,6,1,6,9,7,2,0,0
6507,16,2,1,1,4,3,0,0
7901,39,1,0,0,3,4,0,0
4865,2,7,5,1,8,7,0,1
2686,49,1,1,0,2,7,0,0
3107,31,1,4,1,7,2,0,0
7734,58,1,4,10,7,1,0,1
1146,5,4,10,5,7,8,0,1
11031,90,1,1,0,3,5,0,0
7428,47,1,3,7,8,1,0,0
975,25,5,4,1,5,6,0,0
1103,60,2,4,4,10,6,0,1
3422,67,1,2,3,4,6,0,0
1055,40,1,1,0,3,4,0,0
6544,63,3,6,7,11,3,0,0
1241,1,2,1,0,3,9,0,1
2909,89,2,8,4,6,3,0,0
5802,40,1,2,0,4,6,0,0
1407,5,2,2,0,3,7,0,0
6183,3,1,2,1,4,4,0,0
340,1,2,7,2,8,5,0,1
5991,24,3,5,1,4,7,0,0
3104,89,1,5,3,12,2,0,1
9729,48,6,8,2,7,7,0,0
1008,31,1,7,3,13,6,0,0
11091,68,2,1,0,3,4,0,0
3969,46,1,2,2,2,5,0,0
1916,92,5,7,1,6,7,0,0
9907,80,2,6,8,10,4,0,0
87,16,2,2,0,3,7,0,0
8659,50,2,6,8,11,2,0,0
6262,93,1,3,10,8,2,0,0
6147,51,1,0,1,2,7,0,0
8832,24,2,3,0,4,7,0,0
10067,79,1,1,0,2,7,0,0
7532,26,3,3,0,4,8,0,0
4915,86,4,5,2,12,5,0,0
2115,68,2,1,0,4,5,0,0
2088,98,1,5,6,12,2,0,0
2493,34,2,7,1,8,5,0,0
6292,60,1,4,3,10,2,0,1
1631,3,4,8,4,7,6,0,1
10104,65,1,1,0,2,7,0,0
3006,83,1,1,0,3,7,0,0
3919,64,1,5,6,8,3,0,1
11181,85,0,0,0,0,0,0,0
642,69,3,2,1,2,8,0,0
4369,48,3,3,5,6,2,0,0
10127,21,1,8,2,4,7,0,0
271,30,5,3,4,3,6,0,0
4973,39,1,1,1,2,7,0,0
2948,76,1,2,2,5,2,0,0
2715,11,4,3,2,2,9,0,1
10432,26,1,1,0,3,8,0,0
9216,34,2,2,0,3,6,0,0
7124,72,5,2,1,4,5,0,0
9727,13,1,2,0,4,6,0,0
5136,58,7,9,4,8,6,0,0
9790,12,1,11,3,4,4,0,1
1818,23,1,2,0,2,9,0,0
1100,33,4,3,1,3,5,0,0
7873,30,4,4,1,7,5,0,0
10609,15,2,1,1,4,4,0,0
6950,25,2,2,0,3,7,0,0
7233,4,2,5,3,6,4,0,0
9481,80,4,3,1,3,8,0,0
7699,30,5,3,4,3,6,0,0
2711,6,1,1,0,3,7,0,0
8933,16,2,2,0,4,6,0,0
8726,57,5,3,1,4,6,0,0
1515,9,1,1,0,3,3,0,0
5186,59,2,7,4,9,6,0,0
10157,78,1,4,1,6,4,0,0
5667,90,3,9,10,4,6,0,1
902,74,1,6,2,4,6,0,0
977,10,6,5,1,8,6,0,0
7313,63,1,6,5,11,3,0,0
7600,13,2,1,0,3,7,0,0
9706,98,2,2,1,3,8,0,0
2429,4,3,5,4,8,2,0,0
3520,94,0,4,3,7,3,0,1
10394,91,1,4,8,5,1,0,0
4548,66,1,1,0,3,4,0,0
9362,14,1,9,1,7,6,0,0
3968,77,1,11,3,12,7,0,1
4084,41,2,6,4,11,4,0,0
6721,21,3,6,3,5,3,0,0
2829,25,2,9,3,8,6,0,0
1772,2,1,5,6,7,2,0,1
1544,51,1,4,2,10,2,0,0
492,3,5,7,1,6,8,0,0
4377,32,2,7,3,3,7,0,0
4541,84,2,3,1,6,5,0,0
1321,49,3,3,0,3,8,0,0
8858,69,4,8,2,7,8,0,0
3266,96,1,1,1,4,2,0,0
11187,23,3,2,1,3,5,0,0
8207,18,1,1,0,3,4,0,0
9723,8,4,7,4,13,5,0,0
2666,21,1,8,3,11,3,0,0
5721,60,1,7,10,6,2,0,0
10652,48,3,3,5,6,2,0,0
1646,36,2,1,1,3,3,0,0
4418,36,1,7,5,12,2,0,1
2656,63,1,1,1,2,7,0,0
7990,2,1,0,0,3,6,0,0
8722,38,1,7,7,10,3,0,1
7118,61,2,9,5,6,6,0,1
2980,52,4,3,0,3,8,0,0
1839,25,1,3,0,4,7,0,0
10722,63,2,6,6,3,6,0,0
2632,10,7,5,4,4,6,0,1
9014,65,4,3,0,3,8,0,0
7620,71,2,2,2,2,8,0,0
10968,0,4,8,8,6,6,0,0
11133,3,5,7,1,6,8,0,1
2736,88,2,5,5,11,2,0,0
1876,15,1,1,0,4,6,0,0
5959,80,6,3,1,5,8,0,0
1092,17,4,9,3,4,7,0,0
4333,76,4,2,1,3,7,0,0
3850,52,1,1,0,3,6,0,0
6168,28,2,1,1,2,4,0,0
607,31,6,8,1,7,8,0,0
10469,42,1,6,2,9,2,0,0
6983,24,2,2,0,3,7,0,0
3661,42,1,4,6,8,2,0,0
9303,12,0,1,0,0,13,0,0
692,88,1,1,0,2,6,0,0
736,67,2,2,0,3,8,0,0
9589,54,0,4,6,7,1,0,0
4838,40,1,1,0,2,8,0,0
9246,73,4,6,1,6,7,0,0
6261,81,3,3,2,10,4,0,0
7366,12,1,3,6,11,1,0,1
10659,7,4,3,2,2,7,0,0
1448,33,3,2,0,4,4,0,0
4286,24,3,7,6,6,4,0,0
4749,55,6,8,2,6,7,0,0
4478,87,8,11,1,6,8,0,0
4201,39,5,4,2,8,5,0,0
8720,53,0,0,0,1,0,0,0
10084,9,2,2,1,2,7,0,0
7004,82,3,3,1,2,9,0,0
9817,71,2,9,4,12,8,0,0
8080,50,1,0,0,3,4,0,0
9432,23,4,3,1,3,6,0,0
8372,81,1,1,0,2,7,0,0
10870,46,2,9,3,4,5,0,0
4001,56,7,8,2,5,7,0,0
7270,91,1,2,3,13,6,0,0
8235,8,2,6,5,10,3,0,0
9405,40,3,3,1,4,7,0,1
